FlairSentiment,const,Week Number,case rate,death rate,Type_Jail,Type_Prison,Level_Federal,Level_State,Type_case rate,Type_death rate
0,1.0,17,0.0632644453816955,0.0,0,1,0,1,0.0632644453816955,0.0
1,1.0,34,0.0004217629692113,0.0,0,1,0,1,0.0004217629692113,0.0
0,1.0,48,0.0012652889076339,0.0,0,1,0,1,0.0012652889076339,0.0
0,1.0,49,0.0,0.0,0,1,0,1,0.0,0.0
0,1.0,49,0.0,0.0,0,1,0,1,0.0,0.0
1,1.0,49,0.0,0.0,0,1,0,1,0.0,0.0
0,1.0,49,0.0,0.0,0,1,0,1,0.0,0.0
0,1.0,50,0.0037958667229017,0.0,0,1,0,1,0.0037958667229017,0.0
0,1.0,50,0.0037958667229017,0.0,0,1,0,1,0.0037958667229017,0.0
0,1.0,51,0.0143399409531843,0.0,0,1,0,1,0.0143399409531843,0.0
0,1.0,51,0.0143399409531843,0.0,0,1,0,1,0.0143399409531843,0.0
0,1.0,51,0.0143399409531843,0.0,0,1,0,1,0.0143399409531843,0.0
0,1.0,52,0.0109658371994939,0.0,0,1,0,1,0.0109658371994939,0.0
0,1.0,62,0.0004217629692113,0.0,0,1,0,1,0.0004217629692113,0.0
1,1.0,109,0.0177140447068747,0.0,0,1,0,1,0.0177140447068747,0.0
0,1.0,109,0.0177140447068747,0.0,0,1,0,1,0.0177140447068747,0.0
0,1.0,109,0.0177140447068747,0.0,0,1,0,1,0.0177140447068747,0.0
0,1.0,109,0.0177140447068747,0.0,0,1,0,1,0.0177140447068747,0.0
0,1.0,109,0.0177140447068747,0.0,0,1,0,1,0.0177140447068747,0.0
0,1.0,31,0.0,0.0,0,1,0,1,0.0,0.0
0,1.0,41,0.0,0.0,0,1,0,1,0.0,0.0
0,1.0,50,0.0376546530392684,0.0,0,1,0,1,0.0376546530392684,0.0
0,1.0,50,0.0376546530392684,0.0,0,1,0,1,0.0376546530392684,0.0
0,1.0,50,0.0376546530392684,0.0,0,1,0,1,0.0376546530392684,0.0
0,1.0,51,0.0406132329209252,0.0,0,1,0,1,0.0406132329209252,0.0
0,1.0,51,0.0406132329209252,0.0,0,1,0,1,0.0406132329209252,0.0
0,1.0,55,0.0494889725658956,0.0,0,1,0,1,0.0494889725658956,0.0
1,1.0,60,0.0,0.0,0,1,0,1,0.0,0.0
0,1.0,60,0.0,0.0,0,1,0,1,0.0,0.0
0,1.0,62,0.0,0.0,0,1,0,1,0.0,0.0
0,1.0,62,0.0,0.0,0,1,0,1,0.0,0.0
1,1.0,62,0.0,0.0,0,1,0,1,0.0,0.0
0,1.0,62,0.0,0.0,0,1,0,1,0.0,0.0
0,1.0,63,0.0002689618074233,0.0,0,1,0,1,0.0002689618074233,0.0
0,1.0,64,0.0002689618074233,0.0,0,1,0,1,0.0002689618074233,0.0
0,1.0,64,0.0002689618074233,0.0,0,1,0,1,0.0002689618074233,0.0
0,1.0,65,0.0,0.0,0,1,0,1,0.0,0.0
0,1.0,69,0.0002689618074233,0.0,0,1,0,1,0.0002689618074233,0.0
0,1.0,70,0.0,0.0,0,1,0,1,0.0,0.0
0,1.0,87,0.0040344271113501,0.0,0,1,0,1,0.0040344271113501,0.0
0,1.0,39,0.0,0.0,0,1,0,1,0.0,0.0
0,1.0,48,0.0601640838650866,0.0,0,1,0,1,0.0601640838650866,0.0
0,1.0,48,0.0601640838650866,0.0,0,1,0,1,0.0601640838650866,0.0
0,1.0,53,0.0158006684898207,0.0012154360376785,0,1,0,1,0.0158006684898207,0.0012154360376785
0,1.0,53,0.0158006684898207,0.0012154360376785,0,1,0,1,0.0158006684898207,0.0012154360376785
0,1.0,53,0.0158006684898207,0.0012154360376785,0,1,0,1,0.0158006684898207,0.0012154360376785
0,1.0,54,0.0015192950470981,0.0003038590094196,0,1,0,1,0.0015192950470981,0.0003038590094196
0,1.0,54,0.0015192950470981,0.0003038590094196,0,1,0,1,0.0015192950470981,0.0003038590094196
1,1.0,63,0.0,0.0,0,1,0,1,0.0,0.0
0,1.0,65,0.0,0.0,0,1,0,1,0.0,0.0
0,1.0,68,0.0,0.0,0,1,0,1,0.0,0.0
1,1.0,68,0.0,0.0,0,1,0,1,0.0,0.0
0,1.0,68,0.0,0.0,0,1,0,1,0.0,0.0
0,1.0,68,0.0,0.0,0,1,0,1,0.0,0.0
0,1.0,68,0.0,0.0,0,1,0,1,0.0,0.0
1,1.0,69,0.0,0.0,0,1,0,1,0.0,0.0
0,1.0,69,0.0,0.0,0,1,0,1,0.0,0.0
0,1.0,69,0.0,0.0,0,1,0,1,0.0,0.0
0,1.0,69,0.0,0.0,0,1,0,1,0.0,0.0
0,1.0,69,0.0,0.0,0,1,0,1,0.0,0.0
1,1.0,69,0.0,0.0,0,1,0,1,0.0,0.0
0,1.0,69,0.0,0.0,0,1,0,1,0.0,0.0
1,1.0,69,0.0,0.0,0,1,0,1,0.0,0.0
0,1.0,69,0.0,0.0,0,1,0,1,0.0,0.0
0,1.0,69,0.0,0.0,0,1,0,1,0.0,0.0
1,1.0,70,0.0,0.0,0,1,0,1,0.0,0.0
0,1.0,70,0.0,0.0,0,1,0,1,0.0,0.0
0,1.0,41,0.0,0.0,0,1,0,1,0.0,0.0
0,1.0,45,0.0015033072760072,0.0,0,1,0,1,0.0015033072760072,0.0
0,1.0,47,0.0027059530968129,0.0,0,1,0,1,0.0027059530968129,0.0
0,1.0,51,0.0453998797354179,0.0,0,1,0,1,0.0453998797354179,0.0
0,1.0,53,0.0234515935057126,0.0,0,1,0,1,0.0234515935057126,0.0
0,1.0,54,0.0168370414912808,0.0003006614552014,0,1,0,1,0.0168370414912808,0.0003006614552014
0,1.0,69,0.0003006614552014,0.0,0,1,0,1,0.0003006614552014,0.0
0,1.0,69,0.0003006614552014,0.0,0,1,0,1,0.0003006614552014,0.0
0,1.0,69,0.0003006614552014,0.0,0,1,0,1,0.0003006614552014,0.0
0,1.0,69,0.0003006614552014,0.0,0,1,0,1,0.0003006614552014,0.0
0,1.0,69,0.0003006614552014,0.0,0,1,0,1,0.0003006614552014,0.0
0,1.0,69,0.0003006614552014,0.0,0,1,0,1,0.0003006614552014,0.0
0,1.0,69,0.0003006614552014,0.0,0,1,0,1,0.0003006614552014,0.0
0,1.0,69,0.0003006614552014,0.0,0,1,0,1,0.0003006614552014,0.0
0,1.0,79,0.0,0.0,0,1,0,1,0.0,0.0
0,1.0,85,0.0012026458208057,0.0,0,1,0,1,0.0012026458208057,0.0
0,1.0,104,0.0003006614552014,0.0,0,1,0,1,0.0003006614552014,0.0
0,1.0,106,0.0039085989176187,0.0,0,1,0,1,0.0039085989176187,0.0
0,1.0,43,0.0069881201956673,0.0,0,1,0,1,0.0069881201956673,0.0
0,1.0,47,0.0288842301420918,0.0002329373398555,0,1,0,1,0.0288842301420918,0.0002329373398555
0,1.0,50,0.0647565804798509,0.0004658746797111,0,1,0,1,0.0647565804798509,0.0004658746797111
0,1.0,50,0.0647565804798509,0.0004658746797111,0,1,0,1,0.0647565804798509,0.0004658746797111
0,1.0,51,0.0288842301420918,0.0,0,1,0,1,0.0288842301420918,0.0
1,1.0,52,0.0384346610761705,0.0004658746797111,0,1,0,1,0.0384346610761705,0.0004658746797111
0,1.0,52,0.0384346610761705,0.0004658746797111,0,1,0,1,0.0384346610761705,0.0004658746797111
0,1.0,52,0.0384346610761705,0.0004658746797111,0,1,0,1,0.0384346610761705,0.0004658746797111
0,1.0,52,0.0384346610761705,0.0004658746797111,0,1,0,1,0.0384346610761705,0.0004658746797111
0,1.0,52,0.0384346610761705,0.0004658746797111,0,1,0,1,0.0384346610761705,0.0004658746797111
0,1.0,52,0.0384346610761705,0.0004658746797111,0,1,0,1,0.0384346610761705,0.0004658746797111
0,1.0,52,0.0384346610761705,0.0004658746797111,0,1,0,1,0.0384346610761705,0.0004658746797111
0,1.0,52,0.0384346610761705,0.0004658746797111,0,1,0,1,0.0384346610761705,0.0004658746797111
0,1.0,52,0.0384346610761705,0.0004658746797111,0,1,0,1,0.0384346610761705,0.0004658746797111
0,1.0,53,0.0291171674819474,0.0009317493594223,0,1,0,1,0.0291171674819474,0.0009317493594223
0,1.0,53,0.0291171674819474,0.0009317493594223,0,1,0,1,0.0291171674819474,0.0009317493594223
1,1.0,53,0.0291171674819474,0.0009317493594223,0,1,0,1,0.0291171674819474,0.0009317493594223
0,1.0,53,0.0291171674819474,0.0009317493594223,0,1,0,1,0.0291171674819474,0.0009317493594223
0,1.0,53,0.0291171674819474,0.0009317493594223,0,1,0,1,0.0291171674819474,0.0009317493594223
1,1.0,53,0.0291171674819474,0.0009317493594223,0,1,0,1,0.0291171674819474,0.0009317493594223
0,1.0,54,0.0284183554623806,0.0002329373398555,0,1,0,1,0.0284183554623806,0.0002329373398555
0,1.0,54,0.0284183554623806,0.0002329373398555,0,1,0,1,0.0284183554623806,0.0002329373398555
0,1.0,55,0.0032611227579781,0.0002329373398555,0,1,0,1,0.0032611227579781,0.0002329373398555
0,1.0,55,0.0032611227579781,0.0002329373398555,0,1,0,1,0.0032611227579781,0.0002329373398555
0,1.0,58,0.0,0.0,0,1,0,1,0.0,0.0
0,1.0,64,0.0,0.0,0,1,0,1,0.0,0.0
0,1.0,66,0.0002329373398555,0.0,0,1,0,1,0.0002329373398555,0.0
1,1.0,67,0.0002329373398555,0.0,0,1,0,1,0.0002329373398555,0.0
0,1.0,43,0.0,0.0,0,1,0,1,0.0,0.0
0,1.0,44,0.0,0.0,0,1,0,1,0.0,0.0
0,1.0,44,0.0,0.0,0,1,0,1,0.0,0.0
0,1.0,45,0.0,0.0,0,1,0,1,0.0,0.0
0,1.0,45,0.0,0.0,0,1,0,1,0.0,0.0
0,1.0,48,0.0,0.0,0,1,0,1,0.0,0.0
0,1.0,51,0.0,0.0,0,1,0,1,0.0,0.0
1,1.0,51,0.0,0.0,0,1,0,1,0.0,0.0
0,1.0,55,0.0005733944954128,0.0,0,1,0,1,0.0005733944954128,0.0
0,1.0,43,0.0003732736095558,0.0,0,1,0,1,0.0003732736095558,0.0
0,1.0,45,0.0007465472191116,0.0,0,1,0,1,0.0007465472191116,0.0
0,1.0,48,0.0321015304217992,0.0003732736095558,0,1,0,1,0.0321015304217992,0.0003732736095558
0,1.0,49,0.237028742067936,0.0003732736095558,0,1,0,1,0.237028742067936,0.0003732736095558
0,1.0,63,0.0003732736095558,0.0,0,1,0,1,0.0003732736095558,0.0
0,1.0,43,0.0006533101045296,0.0002177700348432,0,1,0,1,0.0006533101045296,0.0002177700348432
0,1.0,44,0.0017421602787456,0.0,0,1,0,1,0.0017421602787456,0.0
0,1.0,44,0.0017421602787456,0.0,0,1,0,1,0.0017421602787456,0.0
0,1.0,44,0.0017421602787456,0.0,0,1,0,1,0.0017421602787456,0.0
0,1.0,45,0.001088850174216,0.0,0,1,0,1,0.001088850174216,0.0
0,1.0,45,0.001088850174216,0.0,0,1,0,1,0.001088850174216,0.0
0,1.0,45,0.001088850174216,0.0,0,1,0,1,0.001088850174216,0.0
0,1.0,63,0.0,0.0,0,1,0,1,0.0,0.0
0,1.0,72,0.0,0.0,0,1,0,1,0.0,0.0
0,1.0,89,0.0,0.0,0,1,0,1,0.0,0.0
0,1.0,89,0.0,0.0,0,1,0,1,0.0,0.0
0,1.0,89,0.0,0.0,0,1,0,1,0.0,0.0
0,1.0,44,0.0027406646111682,0.0,0,1,0,1,0.0027406646111682,0.0
0,1.0,55,0.0071942446043165,0.0,0,1,0,1,0.0071942446043165,0.0
0,1.0,57,0.001027749229188,0.0,0,1,0,1,0.001027749229188,0.0
0,1.0,59,0.0,0.0,0,1,0,1,0.0,0.0
0,1.0,65,0.0,0.0,0,1,0,1,0.0,0.0
0,1.0,86,0.000342583076396,0.0,0,1,0,1,0.000342583076396,0.0
0,1.0,44,0.0002853067047075,0.0,0,1,0,1,0.0002853067047075,0.0
0,1.0,51,0.0319543509272468,0.0002853067047075,0,1,0,1,0.0319543509272468,0.0002853067047075
0,1.0,52,0.0125534950071327,0.0,0,1,0,1,0.0125534950071327,0.0
0,1.0,68,0.0002853067047075,0.0,0,1,0,1,0.0002853067047075,0.0
0,1.0,69,0.0002853067047075,0.0,0,1,0,1,0.0002853067047075,0.0
0,1.0,72,0.0,0.0,0,1,0,1,0.0,0.0
0,1.0,86,0.0008559201141226,0.0002853067047075,0,1,0,1,0.0008559201141226,0.0002853067047075
0,1.0,44,0.0514596734289955,0.0004948045522018,0,1,0,1,0.0514596734289955,0.0004948045522018
0,1.0,44,0.0514596734289955,0.0004948045522018,0,1,0,1,0.0514596734289955,0.0004948045522018
0,1.0,44,0.0514596734289955,0.0004948045522018,0,1,0,1,0.0514596734289955,0.0004948045522018
0,1.0,44,0.0514596734289955,0.0004948045522018,0,1,0,1,0.0514596734289955,0.0004948045522018
0,1.0,44,0.0514596734289955,0.0004948045522018,0,1,0,1,0.0514596734289955,0.0004948045522018
0,1.0,45,0.0272142503711034,0.0,0,1,0,1,0.0272142503711034,0.0
0,1.0,45,0.0272142503711034,0.0,0,1,0,1,0.0272142503711034,0.0
0,1.0,46,0.0009896091044037,0.0,0,1,0,1,0.0009896091044037,0.0
0,1.0,47,0.0004948045522018,0.0004948045522018,0,1,0,1,0.0004948045522018,0.0004948045522018
0,1.0,47,0.0004948045522018,0.0004948045522018,0,1,0,1,0.0004948045522018,0.0004948045522018
0,1.0,47,0.0004948045522018,0.0004948045522018,0,1,0,1,0.0004948045522018,0.0004948045522018
0,1.0,48,0.0014844136566056,0.0,0,1,0,1,0.0014844136566056,0.0
0,1.0,49,0.0014844136566056,0.0004948045522018,0,1,0,1,0.0014844136566056,0.0004948045522018
0,1.0,49,0.0014844136566056,0.0004948045522018,0,1,0,1,0.0014844136566056,0.0004948045522018
0,1.0,45,0.0009832841691248,0.0,0,1,0,1,0.0009832841691248,0.0
0,1.0,46,0.0,0.0,0,1,0,1,0.0,0.0
1,1.0,52,0.0226155358898722,0.0,0,1,0,1,0.0226155358898722,0.0
0,1.0,52,0.0226155358898722,0.0,0,1,0,1,0.0226155358898722,0.0
0,1.0,55,0.0209767289413307,0.0,0,1,0,1,0.0209767289413307,0.0
1,1.0,56,0.0671910848901999,0.0,0,1,0,1,0.0671910848901999,0.0
0,1.0,45,0.0,0.0,0,1,0,1,0.0,0.0
0,1.0,45,0.0,0.0,0,1,0,1,0.0,0.0
0,1.0,49,0.0959768603733894,0.0002629503023928,0,1,0,1,0.0959768603733894,0.0002629503023928
1,1.0,53,0.0163029187483566,0.0,0,1,0,1,0.0163029187483566,0.0
0,1.0,54,0.0084144096765711,0.0002629503023928,0,1,0,1,0.0084144096765711,0.0002629503023928
0,1.0,54,0.0084144096765711,0.0002629503023928,0,1,0,1,0.0084144096765711,0.0002629503023928
0,1.0,54,0.0084144096765711,0.0002629503023928,0,1,0,1,0.0084144096765711,0.0002629503023928
0,1.0,68,0.0002629503023928,0.0,0,1,0,1,0.0002629503023928,0.0
0,1.0,68,0.0002629503023928,0.0,0,1,0,1,0.0002629503023928,0.0
0,1.0,68,0.0002629503023928,0.0,0,1,0,1,0.0002629503023928,0.0
0,1.0,69,0.0,0.0,0,1,0,1,0.0,0.0
0,1.0,69,0.0,0.0,0,1,0,1,0.0,0.0
0,1.0,69,0.0,0.0,0,1,0,1,0.0,0.0
0,1.0,72,0.0,0.0,0,1,0,1,0.0,0.0
0,1.0,72,0.0,0.0,0,1,0,1,0.0,0.0
0,1.0,72,0.0,0.0,0,1,0,1,0.0,0.0
0,1.0,73,0.0010518012095713,0.0,0,1,0,1,0.0010518012095713,0.0
0,1.0,46,0.0,0.0,0,1,0,1,0.0,0.0
0,1.0,48,0.0322019147084421,0.0,0,1,0,1,0.0322019147084421,0.0
0,1.0,48,0.0322019147084421,0.0,0,1,0,1,0.0322019147084421,0.0
0,1.0,49,0.0322019147084421,0.0,0,1,0,1,0.0322019147084421,0.0
0,1.0,49,0.0322019147084421,0.0,0,1,0,1,0.0322019147084421,0.0
0,1.0,50,0.0060922541340295,0.0,0,1,0,1,0.0060922541340295,0.0
0,1.0,50,0.0060922541340295,0.0,0,1,0,1,0.0060922541340295,0.0
0,1.0,51,0.0,0.0,0,1,0,1,0.0,0.0
0,1.0,52,0.0,0.0,0,1,0,1,0.0,0.0
0,1.0,63,0.0017406440382941,0.0,0,1,0,1,0.0017406440382941,0.0
0,1.0,64,0.000870322019147,0.0,0,1,0,1,0.000870322019147,0.0
0,1.0,47,0.0046647230320699,0.0,0,1,0,1,0.0046647230320699,0.0
0,1.0,48,0.0833819241982507,0.0,0,1,0,1,0.0833819241982507,0.0
0,1.0,48,0.0833819241982507,0.0,0,1,0,1,0.0833819241982507,0.0
0,1.0,48,0.0833819241982507,0.0,0,1,0,1,0.0833819241982507,0.0
0,1.0,49,0.0122448979591837,0.0,0,1,0,1,0.0122448979591837,0.0
0,1.0,49,0.0122448979591837,0.0,0,1,0,1,0.0122448979591837,0.0
0,1.0,49,0.0122448979591837,0.0,0,1,0,1,0.0122448979591837,0.0
0,1.0,49,0.0122448979591837,0.0,0,1,0,1,0.0122448979591837,0.0
0,1.0,49,0.0122448979591837,0.0,0,1,0,1,0.0122448979591837,0.0
0,1.0,49,0.0122448979591837,0.0,0,1,0,1,0.0122448979591837,0.0
0,1.0,49,0.0122448979591837,0.0,0,1,0,1,0.0122448979591837,0.0
0,1.0,49,0.0122448979591837,0.0,0,1,0,1,0.0122448979591837,0.0
0,1.0,49,0.0122448979591837,0.0,0,1,0,1,0.0122448979591837,0.0
0,1.0,49,0.0122448979591837,0.0,0,1,0,1,0.0122448979591837,0.0
0,1.0,49,0.0122448979591837,0.0,0,1,0,1,0.0122448979591837,0.0
0,1.0,49,0.0122448979591837,0.0,0,1,0,1,0.0122448979591837,0.0
0,1.0,50,0.0787172011661808,0.0,0,1,0,1,0.0787172011661808,0.0
0,1.0,50,0.0787172011661808,0.0,0,1,0,1,0.0787172011661808,0.0
0,1.0,50,0.0787172011661808,0.0,0,1,0,1,0.0787172011661808,0.0
0,1.0,50,0.0787172011661808,0.0,0,1,0,1,0.0787172011661808,0.0
0,1.0,50,0.0787172011661808,0.0,0,1,0,1,0.0787172011661808,0.0
0,1.0,51,0.0151603498542274,0.0005830903790087,0,1,0,1,0.0151603498542274,0.0005830903790087
0,1.0,52,0.0139941690962099,0.0011661807580174,0,1,0,1,0.0139941690962099,0.0011661807580174
0,1.0,52,0.0139941690962099,0.0011661807580174,0,1,0,1,0.0139941690962099,0.0011661807580174
0,1.0,54,0.0145772594752187,0.0,0,1,0,1,0.0145772594752187,0.0
0,1.0,55,0.0309037900874636,0.0,0,1,0,1,0.0309037900874636,0.0
0,1.0,55,0.0309037900874636,0.0,0,1,0,1,0.0309037900874636,0.0
0,1.0,57,0.0058309037900874,0.0,0,1,0,1,0.0058309037900874,0.0
0,1.0,58,0.0046647230320699,0.0,0,1,0,1,0.0046647230320699,0.0
0,1.0,68,0.0,0.0,0,1,0,1,0.0,0.0
0,1.0,47,0.105164903546982,0.0002074258452603,0,1,0,1,0.105164903546982,0.0002074258452603
1,1.0,50,0.0012445550715619,0.0,0,1,0,1,0.0012445550715619,0.0
0,1.0,50,0.0012445550715619,0.0,0,1,0,1,0.0012445550715619,0.0
0,1.0,52,0.0002074258452603,0.0,0,1,0,1,0.0002074258452603,0.0
0,1.0,53,0.0,0.0,0,1,0,1,0.0,0.0
1,1.0,53,0.0,0.0,0,1,0,1,0.0,0.0
0,1.0,53,0.0,0.0,0,1,0,1,0.0,0.0
0,1.0,53,0.0,0.0,0,1,0,1,0.0,0.0
0,1.0,54,0.0002074258452603,0.0,0,1,0,1,0.0002074258452603,0.0
0,1.0,54,0.0002074258452603,0.0,0,1,0,1,0.0002074258452603,0.0
0,1.0,54,0.0002074258452603,0.0,0,1,0,1,0.0002074258452603,0.0
0,1.0,54,0.0002074258452603,0.0,0,1,0,1,0.0002074258452603,0.0
0,1.0,54,0.0002074258452603,0.0,0,1,0,1,0.0002074258452603,0.0
0,1.0,55,0.0008297033810412,0.0,0,1,0,1,0.0008297033810412,0.0
1,1.0,55,0.0008297033810412,0.0,0,1,0,1,0.0008297033810412,0.0
0,1.0,57,0.0,0.0,0,1,0,1,0.0,0.0
1,1.0,64,0.0,0.0,0,1,0,1,0.0,0.0
0,1.0,65,0.0,0.0,0,1,0,1,0.0,0.0
0,1.0,47,0.0078515346181299,0.0,0,1,0,1,0.0078515346181299,0.0
0,1.0,48,0.114917915774447,0.0003568879371877,0,1,0,1,0.114917915774447,0.0003568879371877
0,1.0,55,0.0017844396859386,0.0,0,1,0,1,0.0017844396859386,0.0
0,1.0,60,0.0,0.0,0,1,0,1,0.0,0.0
0,1.0,65,0.0,0.0,0,1,0,1,0.0,0.0
0,1.0,67,0.0,0.0,0,1,0,1,0.0,0.0
0,1.0,68,0.0,0.0,0,1,0,1,0.0,0.0
0,1.0,47,0.0,0.0,0,1,0,1,0.0,0.0
0,1.0,48,0.0013100436681222,0.0,0,1,0,1,0.0013100436681222,0.0
0,1.0,49,0.0026200873362445,0.0,0,1,0,1,0.0026200873362445,0.0
0,1.0,50,0.0061135371179039,0.0,0,1,0,1,0.0061135371179039,0.0
0,1.0,51,0.0751091703056769,0.0,0,1,0,1,0.0751091703056769,0.0
0,1.0,51,0.0751091703056769,0.0,0,1,0,1,0.0751091703056769,0.0
0,1.0,51,0.0751091703056769,0.0,0,1,0,1,0.0751091703056769,0.0
0,1.0,52,0.096943231441048,0.0,0,1,0,1,0.096943231441048,0.0
0,1.0,54,0.0209606986899563,0.0,0,1,0,1,0.0209606986899563,0.0
0,1.0,55,0.0091703056768558,0.0,0,1,0,1,0.0091703056768558,0.0
0,1.0,57,0.0026200873362445,0.0,0,1,0,1,0.0026200873362445,0.0
0,1.0,64,0.0008733624454148,0.0,0,1,0,1,0.0008733624454148,0.0
1,1.0,66,0.0,0.0,0,1,0,1,0.0,0.0
0,1.0,71,0.0,0.0,0,1,0,1,0.0,0.0
0,1.0,89,0.0008733624454148,0.0,0,1,0,1,0.0008733624454148,0.0
0,1.0,47,0.0019248270474441,6.04025224093358e-06,1,0,0,0,0.0,0.0
0,1.0,53,0.0,0.0,0,1,0,1,0.0,0.0
0,1.0,69,0.0,0.0,0,1,0,1,0.0,0.0
0,1.0,55,0.0639225181598063,0.0004842615012106,0,1,0,1,0.0639225181598063,0.0004842615012106
0,1.0,56,0.0087167070217917,0.0009685230024213,0,1,0,1,0.0087167070217917,0.0009685230024213
0,1.0,56,0.0087167070217917,0.0009685230024213,0,1,0,1,0.0087167070217917,0.0009685230024213
1,1.0,56,0.0087167070217917,0.0009685230024213,0,1,0,1,0.0087167070217917,0.0009685230024213
1,1.0,56,0.0087167070217917,0.0009685230024213,0,1,0,1,0.0087167070217917,0.0009685230024213
1,1.0,56,0.0087167070217917,0.0009685230024213,0,1,0,1,0.0087167070217917,0.0009685230024213
0,1.0,56,0.0087167070217917,0.0009685230024213,0,1,0,1,0.0087167070217917,0.0009685230024213
0,1.0,58,0.0,0.0,0,1,0,1,0.0,0.0
0,1.0,58,0.0,0.0,0,1,0,1,0.0,0.0
0,1.0,58,0.0,0.0,0,1,0,1,0.0,0.0
0,1.0,58,0.0,0.0,0,1,0,1,0.0,0.0
0,1.0,58,0.0,0.0,0,1,0,1,0.0,0.0
0,1.0,58,0.0,0.0,0,1,0,1,0.0,0.0
0,1.0,58,0.0,0.0,0,1,0,1,0.0,0.0
0,1.0,59,0.0,0.0004842615012106,0,1,0,1,0.0,0.0004842615012106
0,1.0,59,0.0,0.0004842615012106,0,1,0,1,0.0,0.0004842615012106
0,1.0,59,0.0,0.0004842615012106,0,1,0,1,0.0,0.0004842615012106
0,1.0,60,0.0,0.0,0,1,0,1,0.0,0.0
0,1.0,60,0.0,0.0,0,1,0,1,0.0,0.0
0,1.0,60,0.0,0.0,0,1,0,1,0.0,0.0
0,1.0,60,0.0,0.0,0,1,0,1,0.0,0.0
0,1.0,60,0.0,0.0,0,1,0,1,0.0,0.0
0,1.0,60,0.0,0.0,0,1,0,1,0.0,0.0
0,1.0,63,0.0,0.0,0,1,0,1,0.0,0.0
0,1.0,68,0.0,0.0,0,1,0,1,0.0,0.0
0,1.0,55,0.0088691796008869,0.0,0,1,0,1,0.0088691796008869,0.0
0,1.0,56,0.0073909830007391,0.0,0,1,0,1,0.0073909830007391,0.0
0,1.0,56,0.0073909830007391,0.0,0,1,0,1,0.0073909830007391,0.0
0,1.0,57,0.0084996304508499,0.0,0,1,0,1,0.0084996304508499,0.0
0,1.0,57,0.0084996304508499,0.0,0,1,0,1,0.0084996304508499,0.0
1,1.0,57,0.0084996304508499,0.0,0,1,0,1,0.0084996304508499,0.0
0,1.0,57,0.0084996304508499,0.0,0,1,0,1,0.0084996304508499,0.0
0,1.0,57,0.0084996304508499,0.0,0,1,0,1,0.0084996304508499,0.0
0,1.0,57,0.0084996304508499,0.0,0,1,0,1,0.0084996304508499,0.0
0,1.0,58,0.0084996304508499,0.0,0,1,0,1,0.0084996304508499,0.0
0,1.0,58,0.0084996304508499,0.0,0,1,0,1,0.0084996304508499,0.0
0,1.0,60,0.0018477457501847,0.0,0,1,0,1,0.0018477457501847,0.0
0,1.0,60,0.0018477457501847,0.0,0,1,0,1,0.0018477457501847,0.0
0,1.0,62,0.0003695491500369,0.0,0,1,0,1,0.0003695491500369,0.0
0,1.0,64,0.0,0.0,0,1,0,1,0.0,0.0
0,1.0,65,0.0,0.0,0,1,0,1,0.0,0.0
0,1.0,66,0.0,0.0,0,1,0,1,0.0,0.0
0,1.0,56,0.0029311187103077,0.0,0,1,0,1,0.0029311187103077,0.0
0,1.0,56,0.0029311187103077,0.0,0,1,0,1,0.0029311187103077,0.0
0,1.0,60,0.0,0.0,0,1,0,1,0.0,0.0
0,1.0,60,0.0,0.0,0,1,0,1,0.0,0.0
0,1.0,60,0.0,0.0,0,1,0,1,0.0,0.0
0,1.0,62,0.0,0.0,0,1,0,1,0.0,0.0
0,1.0,63,0.0,0.0,0,1,0,1,0.0,0.0
0,1.0,63,0.0,0.0,0,1,0,1,0.0,0.0
0,1.0,57,0.000375939849624,0.0,0,1,0,1,0.000375939849624,0.0
0,1.0,58,0.000375939849624,0.0,0,1,0,1,0.000375939849624,0.0
0,1.0,58,0.000375939849624,0.0,0,1,0,1,0.000375939849624,0.0
0,1.0,58,0.000375939849624,0.0,0,1,0,1,0.000375939849624,0.0
0,1.0,59,0.000375939849624,0.0,0,1,0,1,0.000375939849624,0.0
0,1.0,60,0.0,0.0,0,1,0,1,0.0,0.0
1,1.0,60,0.0,0.0,0,1,0,1,0.0,0.0
1,1.0,60,0.0,0.0,0,1,0,1,0.0,0.0
0,1.0,60,0.0,0.0,0,1,0,1,0.0,0.0
0,1.0,62,0.0,0.0,0,1,0,1,0.0,0.0
1,1.0,62,0.0,0.0,0,1,0,1,0.0,0.0
0,1.0,63,0.0,0.0,0,1,0,1,0.0,0.0
0,1.0,64,0.0015037593984962,0.0,0,1,0,1,0.0015037593984962,0.0
0,1.0,64,0.0015037593984962,0.0,0,1,0,1,0.0015037593984962,0.0
1,1.0,58,0.0005264543300868,0.0,0,1,0,1,0.0005264543300868,0.0
0,1.0,58,0.0003079765937788,0.0,0,1,0,1,0.0003079765937788,0.0
0,1.0,59,0.0021558361564521,0.0,0,1,0,1,0.0021558361564521,0.0
0,1.0,60,0.0,0.0,0,1,0,1,0.0,0.0
0,1.0,60,0.0,0.0,0,1,0,1,0.0,0.0
0,1.0,60,0.0,0.0,0,1,0,1,0.0,0.0
0,1.0,61,0.0006159531875577,0.0,0,1,0,1,0.0006159531875577,0.0
0,1.0,61,0.0006159531875577,0.0,0,1,0,1,0.0006159531875577,0.0
0,1.0,63,0.0,0.0,0,1,0,1,0.0,0.0
0,1.0,63,0.0,0.0,0,1,0,1,0.0,0.0
0,1.0,64,0.0,0.0,0,1,0,1,0.0,0.0
1,1.0,64,0.0,0.0,0,1,0,1,0.0,0.0
0,1.0,65,0.0,0.0,0,1,0,1,0.0,0.0
0,1.0,65,0.0,0.0,0,1,0,1,0.0,0.0
1,1.0,65,0.0,0.0,0,1,0,1,0.0,0.0
1,1.0,67,0.0,0.0,0,1,0,1,0.0,0.0
0,1.0,67,0.0,0.0,0,1,0,1,0.0,0.0
0,1.0,69,0.0,0.0,0,1,0,1,0.0,0.0
0,1.0,69,0.0,0.0,0,1,0,1,0.0,0.0
0,1.0,59,0.0009145312326435,3.55890691948566e-05,0,1,0,1,0.0009145312326435,3.55890691948566e-05
0,1.0,59,0.0009145312326435,3.55890691948566e-05,0,1,0,1,0.0009145312326435,3.55890691948566e-05
0,1.0,59,0.0009145312326435,3.55890691948566e-05,0,1,0,1,0.0009145312326435,3.55890691948566e-05
0,1.0,68,0.000253437310933,3.23536992680515e-06,0,1,0,1,0.000253437310933,3.23536992680515e-06
1,1.0,59,0.0041893590280687,0.0,0,1,0,1,0.0041893590280687,0.0
0,1.0,60,0.0,0.0,0,1,0,1,0.0,0.0
0,1.0,61,0.0,0.0,0,1,0,1,0.0,0.0
0,1.0,62,0.0,0.0,0,1,0,1,0.0,0.0
1,1.0,63,0.0004189359028068,0.0,0,1,0,1,0.0004189359028068,0.0
0,1.0,59,0.0044198895027624,0.0,0,1,0,1,0.0044198895027624,0.0
0,1.0,60,0.0041436464088397,0.0,0,1,0,1,0.0041436464088397,0.0
0,1.0,60,0.0041436464088397,0.0,0,1,0,1,0.0041436464088397,0.0
0,1.0,60,0.0041436464088397,0.0,0,1,0,1,0.0041436464088397,0.0
1,1.0,60,0.0041436464088397,0.0,0,1,0,1,0.0041436464088397,0.0
0,1.0,61,0.0011049723756906,0.0,0,1,0,1,0.0011049723756906,0.0
0,1.0,63,0.0005524861878453,0.0,0,1,0,1,0.0005524861878453,0.0
0,1.0,63,0.0005524861878453,0.0,0,1,0,1,0.0005524861878453,0.0
0,1.0,63,0.0005524861878453,0.0,0,1,0,1,0.0005524861878453,0.0
0,1.0,65,0.0,0.0,0,1,0,1,0.0,0.0
0,1.0,68,0.0002762430939226,0.0,0,1,0,1,0.0002762430939226,0.0
0,1.0,62,0.0,0.0,0,1,0,1,0.0,0.0
0,1.0,62,0.0,0.0,0,1,0,1,0.0,0.0
0,1.0,63,0.0002344665885111,0.0,0,1,0,1,0.0002344665885111,0.0
0,1.0,63,0.0002344665885111,0.0,0,1,0,1,0.0002344665885111,0.0
0,1.0,63,0.0002344665885111,0.0,0,1,0,1,0.0002344665885111,0.0
0,1.0,63,0.0002344665885111,0.0,0,1,0,1,0.0002344665885111,0.0
0,1.0,68,0.0002344665885111,0.0,0,1,0,1,0.0002344665885111,0.0
0,1.0,63,0.0,0.0,0,1,0,1,0.0,0.0
0,1.0,66,0.0,0.0,0,1,0,1,0.0,0.0
0,1.0,68,0.0,0.0,0,1,0,1,0.0,0.0
0,1.0,68,0.0,0.0,0,1,0,1,0.0,0.0
0,1.0,68,0.0,0.0,0,1,0,1,0.0,0.0
0,1.0,68,0.0,0.0,0,1,0,1,0.0,0.0
0,1.0,68,0.0,0.0,0,1,0,1,0.0,0.0
0,1.0,68,0.0,0.0,0,1,0,1,0.0,0.0
0,1.0,68,0.0,0.0,0,1,0,1,0.0,0.0
0,1.0,69,0.0,0.0,0,1,0,1,0.0,0.0
0,1.0,69,0.0,0.0,0,1,0,1,0.0,0.0
0,1.0,69,0.0,0.0,0,1,0,1,0.0,0.0
1,1.0,69,0.0,0.0,0,1,0,1,0.0,0.0
0,1.0,72,0.0,0.0,0,1,0,1,0.0,0.0
0,1.0,63,0.0004428697962798,0.0,0,1,0,1,0.0004428697962798,0.0
0,1.0,63,0.0004428697962798,0.0,0,1,0,1,0.0004428697962798,0.0
1,1.0,63,0.0004428697962798,0.0,0,1,0,1,0.0004428697962798,0.0
0,1.0,63,0.0004428697962798,0.0,0,1,0,1,0.0004428697962798,0.0
0,1.0,65,0.0004428697962798,0.0,0,1,0,1,0.0004428697962798,0.0
0,1.0,68,0.0008857395925597,0.0,0,1,0,1,0.0008857395925597,0.0
0,1.0,90,0.0008857395925597,0.0,0,1,0,1,0.0008857395925597,0.0
0,1.0,64,0.0,0.0,0,1,0,1,0.0,0.0
0,1.0,69,0.0,0.0,0,1,0,1,0.0,0.0
0,1.0,69,0.0,0.0,0,1,0,1,0.0,0.0
0,1.0,69,0.0,0.0,0,1,0,1,0.0,0.0
0,1.0,69,0.0,0.0,0,1,0,1,0.0,0.0
0,1.0,69,0.0,0.0,0,1,0,1,0.0,0.0
0,1.0,69,0.0,0.0,0,1,0,1,0.0,0.0
0,1.0,69,0.0,0.0,0,1,0,1,0.0,0.0
0,1.0,69,0.0,0.0,0,1,0,1,0.0,0.0
0,1.0,69,0.0,0.0,0,1,0,1,0.0,0.0
0,1.0,69,0.0,0.0,0,1,0,1,0.0,0.0
0,1.0,71,0.0003483106931382,0.0,0,1,0,1,0.0003483106931382,0.0
0,1.0,71,0.0003483106931382,0.0,0,1,0,1,0.0003483106931382,0.0
0,1.0,71,0.0003483106931382,0.0,0,1,0,1,0.0003483106931382,0.0
1,1.0,67,0.0001991625262233,4.33635360361825e-06,1,0,0,0,0.0,0.0
0,1.0,67,0.0001991625262233,4.33635360361825e-06,1,0,0,0,0.0,0.0
0,1.0,67,0.0001991625262233,4.33635360361825e-06,1,0,0,0,0.0,0.0
0,1.0,68,0.0001734541441447,2.78765588804031e-06,1,0,0,0,0.0,0.0
0,1.0,68,0.0001734541441447,2.78765588804031e-06,1,0,0,0,0.0,0.0
0,1.0,68,0.0001734541441447,2.78765588804031e-06,1,0,0,0,0.0,0.0
0,1.0,68,0.0001734541441447,2.78765588804031e-06,1,0,0,0,0.0,0.0
0,1.0,69,0.0001489847202385,6.19479086231179e-07,1,0,0,0,0.0,0.0
0,1.0,71,0.000101904309685,2.78765588804031e-06,1,0,0,0,0.0,0.0
0,1.0,72,7.43374903477415e-05,6.19479086231179e-07,1,0,0,0,0.0,0.0
0,1.0,67,0.0001991625262233,4.33635360361825e-06,1,0,0,0,0.0,0.0
0,1.0,67,0.0001991625262233,4.33635360361825e-06,1,0,0,0,0.0,0.0
0,1.0,67,0.0001991625262233,4.33635360361825e-06,1,0,0,0,0.0,0.0
0,1.0,67,0.0001991625262233,4.33635360361825e-06,1,0,0,0,0.0,0.0
0,1.0,68,0.0001734541441447,2.78765588804031e-06,1,0,0,0,0.0,0.0
0,1.0,68,0.0001734541441447,2.78765588804031e-06,1,0,0,0,0.0,0.0
0,1.0,68,0.0001734541441447,2.78765588804031e-06,1,0,0,0,0.0,0.0
0,1.0,68,0.0001734541441447,2.78765588804031e-06,1,0,0,0,0.0,0.0
0,1.0,68,0.0001734541441447,2.78765588804031e-06,1,0,0,0,0.0,0.0
0,1.0,68,0.0001734541441447,2.78765588804031e-06,1,0,0,0,0.0,0.0
0,1.0,68,0.0001734541441447,2.78765588804031e-06,1,0,0,0,0.0,0.0
1,1.0,68,0.0001734541441447,2.78765588804031e-06,1,0,0,0,0.0,0.0
0,1.0,68,0.0001734541441447,2.78765588804031e-06,1,0,0,0,0.0,0.0
0,1.0,68,0.0001734541441447,2.78765588804031e-06,1,0,0,0,0.0,0.0
0,1.0,68,0.0001734541441447,2.78765588804031e-06,1,0,0,0,0.0,0.0
0,1.0,69,0.0001489847202385,6.19479086231179e-07,1,0,0,0,0.0,0.0
0,1.0,69,0.0001489847202385,6.19479086231179e-07,1,0,0,0,0.0,0.0
0,1.0,69,0.0001489847202385,6.19479086231179e-07,1,0,0,0,0.0,0.0
0,1.0,69,0.0001489847202385,6.19479086231179e-07,1,0,0,0,0.0,0.0
0,1.0,67,0.0,0.0,0,1,0,1,0.0,0.0
0,1.0,68,0.0,0.0,0,1,0,1,0.0,0.0
0,1.0,68,0.0,0.0,0,1,0,1,0.0,0.0
0,1.0,68,0.0,0.0,0,1,0,1,0.0,0.0
0,1.0,68,0.0,0.0,0,1,0,1,0.0,0.0
0,1.0,68,0.0,0.0,0,1,0,1,0.0,0.0
0,1.0,68,0.0,0.0,0,1,0,1,0.0,0.0
0,1.0,68,0.0,0.0,0,1,0,1,0.0,0.0
0,1.0,68,0.0,0.0,0,1,0,1,0.0,0.0
0,1.0,69,0.0005431830526887,0.0,0,1,0,1,0.0005431830526887,0.0
0,1.0,69,0.0005431830526887,0.0,0,1,0,1,0.0005431830526887,0.0
0,1.0,69,0.0005431830526887,0.0,0,1,0,1,0.0005431830526887,0.0
0,1.0,69,0.0005431830526887,0.0,0,1,0,1,0.0005431830526887,0.0
0,1.0,69,0.0005431830526887,0.0,0,1,0,1,0.0005431830526887,0.0
0,1.0,69,0.0005431830526887,0.0,0,1,0,1,0.0005431830526887,0.0
0,1.0,70,0.0,0.0,0,1,0,1,0.0,0.0
0,1.0,71,0.0005431830526887,0.0,0,1,0,1,0.0005431830526887,0.0
0,1.0,75,0.0005431830526887,0.0,0,1,0,1,0.0005431830526887,0.0
0,1.0,75,0.0005431830526887,0.0,0,1,0,1,0.0005431830526887,0.0
0,1.0,98,0.0,0.0,0,1,0,1,0.0,0.0
0,1.0,99,0.0,0.0,0,1,0,1,0.0,0.0
0,1.0,106,0.0124932102118414,0.0,0,1,0,1,0.0124932102118414,0.0
0,1.0,110,0.0108636610537751,0.0,0,1,0,1,0.0108636610537751,0.0
0,1.0,110,0.0108636610537751,0.0,0,1,0,1,0.0108636610537751,0.0
1,1.0,68,0.0006345177664974,0.0,0,1,0,1,0.0006345177664974,0.0
0,1.0,68,0.0006345177664974,0.0,0,1,0,1,0.0006345177664974,0.0
0,1.0,68,0.0006345177664974,0.0,0,1,0,1,0.0006345177664974,0.0
0,1.0,69,0.0,0.0,0,1,0,1,0.0,0.0
0,1.0,72,0.0,0.0,0,1,0,1,0.0,0.0
0,1.0,88,0.0019035532994923,0.0,0,1,0,1,0.0019035532994923,0.0
0,1.0,90,0.0006345177664974,0.0,0,1,0,1,0.0006345177664974,0.0
0,1.0,92,0.0,0.0,0,1,0,1,0.0,0.0
0,1.0,68,0.0,0.0,0,1,0,1,0.0,0.0
1,1.0,68,0.0,0.0,0,1,0,1,0.0,0.0
0,1.0,69,0.0,0.0,0,1,0,1,0.0,0.0
0,1.0,69,0.0,0.0,0,1,0,1,0.0,0.0
0,1.0,69,0.0,0.0,0,1,0,1,0.0,0.0
0,1.0,69,0.0,0.0,0,1,0,1,0.0,0.0
0,1.0,69,0.0,0.0,0,1,0,1,0.0,0.0
1,1.0,69,0.0,0.0,0,1,0,1,0.0,0.0
0,1.0,74,0.0,0.0,0,1,0,1,0.0,0.0
1,1.0,75,0.0,0.0,0,1,0,1,0.0,0.0
0,1.0,76,1.07845664226838e-06,0.0,0,1,0,1,1.07845664226838e-06,0.0
0,1.0,76,1.07845664226838e-06,0.0,0,1,0,1,1.07845664226838e-06,0.0
0,1.0,70,0.0002882757197105,2.96579958549985e-06,1,0,0,0,0.0,0.0
0,1.0,96,0.00049291589111,5.33843925389973e-06,1,0,0,0,0.0,0.0
0,1.0,97,0.0004863911320219,2.96579958549985e-06,1,0,0,0,0.0,0.0
0,1.0,98,0.0005071517291204,3.55895950259982e-06,1,0,0,0,0.0,0.0
0,1.0,101,0.0006435785100534,4.15211941969979e-06,1,0,0,0,0.0,0.0
0,1.0,101,0.0006435785100534,4.15211941969979e-06,1,0,0,0,0.0,0.0
0,1.0,106,0.0155224018705891,1.72016375958991e-05,1,0,0,0,0.0,0.0
0,1.0,112,0.00084881184137,8.30423883939958e-06,1,0,0,0,0.0,0.0
0,1.0,112,0.00084881184137,8.30423883939958e-06,1,0,0,0,0.0,0.0
0,1.0,74,0.0001235745873925,4.05162581614938e-07,1,0,0,0,0.0,0.0
0,1.0,74,0.0001235745873925,4.05162581614938e-07,1,0,0,0,0.0,0.0
0,1.0,74,0.0001235745873925,4.05162581614938e-07,1,0,0,0,0.0,0.0
0,1.0,74,0.0001235745873925,4.05162581614938e-07,1,0,0,0,0.0,0.0
0,1.0,74,0.0001235745873925,4.05162581614938e-07,1,0,0,0,0.0,0.0
0,1.0,74,0.0001235745873925,4.05162581614938e-07,1,0,0,0,0.0,0.0
0,1.0,74,0.0001235745873925,4.05162581614938e-07,1,0,0,0,0.0,0.0
0,1.0,74,0.0001235745873925,4.05162581614938e-07,1,0,0,0,0.0,0.0
0,1.0,74,0.0001235745873925,4.05162581614938e-07,1,0,0,0,0.0,0.0
0,1.0,74,0.0001235745873925,4.05162581614938e-07,1,0,0,0,0.0,0.0
0,1.0,74,0.0001235745873925,4.05162581614938e-07,1,0,0,0,0.0,0.0
0,1.0,74,0.0001235745873925,4.05162581614938e-07,1,0,0,0,0.0,0.0
0,1.0,74,0.0001235745873925,4.05162581614938e-07,1,0,0,0,0.0,0.0
0,1.0,74,0.0001235745873925,4.05162581614938e-07,1,0,0,0,0.0,0.0
0,1.0,74,0.0001235745873925,4.05162581614938e-07,1,0,0,0,0.0,0.0
0,1.0,74,0.0001235745873925,4.05162581614938e-07,1,0,0,0,0.0,0.0
0,1.0,74,0.0001235745873925,4.05162581614938e-07,1,0,0,0,0.0,0.0
0,1.0,74,0.0001235745873925,4.05162581614938e-07,1,0,0,0,0.0,0.0
0,1.0,74,0.0001235745873925,4.05162581614938e-07,1,0,0,0,0.0,0.0
0,1.0,74,0.0001235745873925,4.05162581614938e-07,1,0,0,0,0.0,0.0
0,1.0,74,0.0001235745873925,4.05162581614938e-07,1,0,0,0,0.0,0.0
0,1.0,74,0.0001235745873925,4.05162581614938e-07,1,0,0,0,0.0,0.0
0,1.0,74,0.0001235745873925,4.05162581614938e-07,1,0,0,0,0.0,0.0
0,1.0,74,0.0001235745873925,4.05162581614938e-07,1,0,0,0,0.0,0.0
0,1.0,74,0.0001235745873925,4.05162581614938e-07,1,0,0,0,0.0,0.0
0,1.0,74,0.0001235745873925,4.05162581614938e-07,1,0,0,0,0.0,0.0
0,1.0,74,0.0001235745873925,4.05162581614938e-07,1,0,0,0,0.0,0.0
0,1.0,74,0.0001235745873925,4.05162581614938e-07,1,0,0,0,0.0,0.0
0,1.0,74,0.0001235745873925,4.05162581614938e-07,1,0,0,0,0.0,0.0
0,1.0,74,0.0001235745873925,4.05162581614938e-07,1,0,0,0,0.0,0.0
0,1.0,74,0.0001235745873925,4.05162581614938e-07,1,0,0,0,0.0,0.0
0,1.0,74,0.0001235745873925,4.05162581614938e-07,1,0,0,0,0.0,0.0
0,1.0,74,0.0001235745873925,4.05162581614938e-07,1,0,0,0,0.0,0.0
0,1.0,74,0.0001235745873925,4.05162581614938e-07,1,0,0,0,0.0,0.0
0,1.0,74,0.0001235745873925,4.05162581614938e-07,1,0,0,0,0.0,0.0
0,1.0,74,0.0001235745873925,4.05162581614938e-07,1,0,0,0,0.0,0.0
0,1.0,75,0.0001158764983418,2.02581290807469e-06,1,0,0,0,0.0,0.0
0,1.0,75,0.0001158764983418,2.02581290807469e-06,1,0,0,0,0.0,0.0
0,1.0,75,0.0001158764983418,2.02581290807469e-06,1,0,0,0,0.0,0.0
0,1.0,75,0.0001158764983418,2.02581290807469e-06,1,0,0,0,0.0,0.0
0,1.0,75,0.0001158764983418,2.02581290807469e-06,1,0,0,0,0.0,0.0
0,1.0,75,0.0001158764983418,2.02581290807469e-06,1,0,0,0,0.0,0.0
0,1.0,75,0.0001158764983418,2.02581290807469e-06,1,0,0,0,0.0,0.0
0,1.0,75,0.0001158764983418,2.02581290807469e-06,1,0,0,0,0.0,0.0
0,1.0,75,0.0001158764983418,2.02581290807469e-06,1,0,0,0,0.0,0.0
0,1.0,75,0.0001158764983418,2.02581290807469e-06,1,0,0,0,0.0,0.0
0,1.0,75,0.0001158764983418,2.02581290807469e-06,1,0,0,0,0.0,0.0
0,1.0,75,0.0001158764983418,2.02581290807469e-06,1,0,0,0,0.0,0.0
0,1.0,75,0.0001158764983418,2.02581290807469e-06,1,0,0,0,0.0,0.0
0,1.0,75,0.0001158764983418,2.02581290807469e-06,1,0,0,0,0.0,0.0
0,1.0,75,0.0001158764983418,2.02581290807469e-06,1,0,0,0,0.0,0.0
0,1.0,75,0.0001158764983418,2.02581290807469e-06,1,0,0,0,0.0,0.0
0,1.0,75,0.0001158764983418,2.02581290807469e-06,1,0,0,0,0.0,0.0
0,1.0,75,0.0001158764983418,2.02581290807469e-06,1,0,0,0,0.0,0.0
0,1.0,75,0.0001158764983418,2.02581290807469e-06,1,0,0,0,0.0,0.0
0,1.0,75,0.0001158764983418,2.02581290807469e-06,1,0,0,0,0.0,0.0
0,1.0,75,0.0001158764983418,2.02581290807469e-06,1,0,0,0,0.0,0.0
0,1.0,75,0.0001158764983418,2.02581290807469e-06,1,0,0,0,0.0,0.0
0,1.0,75,0.0001158764983418,2.02581290807469e-06,1,0,0,0,0.0,0.0
0,1.0,75,0.0001158764983418,2.02581290807469e-06,1,0,0,0,0.0,0.0
0,1.0,75,0.0001158764983418,2.02581290807469e-06,1,0,0,0,0.0,0.0
0,1.0,75,0.0001158764983418,2.02581290807469e-06,1,0,0,0,0.0,0.0
0,1.0,75,0.0001158764983418,2.02581290807469e-06,1,0,0,0,0.0,0.0
0,1.0,75,0.0001158764983418,2.02581290807469e-06,1,0,0,0,0.0,0.0
0,1.0,75,0.0001158764983418,2.02581290807469e-06,1,0,0,0,0.0,0.0
0,1.0,75,0.0001158764983418,2.02581290807469e-06,1,0,0,0,0.0,0.0
0,1.0,75,0.0001158764983418,2.02581290807469e-06,1,0,0,0,0.0,0.0
0,1.0,75,0.0001158764983418,2.02581290807469e-06,1,0,0,0,0.0,0.0
0,1.0,75,0.0001158764983418,2.02581290807469e-06,1,0,0,0,0.0,0.0
0,1.0,75,0.0001158764983418,2.02581290807469e-06,1,0,0,0,0.0,0.0
0,1.0,75,0.0001158764983418,2.02581290807469e-06,1,0,0,0,0.0,0.0
0,1.0,75,0.0001158764983418,2.02581290807469e-06,1,0,0,0,0.0,0.0
0,1.0,75,0.0001158764983418,2.02581290807469e-06,1,0,0,0,0.0,0.0
0,1.0,75,0.0001158764983418,2.02581290807469e-06,1,0,0,0,0.0,0.0
0,1.0,75,0.0001158764983418,2.02581290807469e-06,1,0,0,0,0.0,0.0
0,1.0,75,0.0001158764983418,2.02581290807469e-06,1,0,0,0,0.0,0.0
0,1.0,75,0.0001158764983418,2.02581290807469e-06,1,0,0,0,0.0,0.0
0,1.0,75,0.0001158764983418,2.02581290807469e-06,1,0,0,0,0.0,0.0
0,1.0,75,0.0001158764983418,2.02581290807469e-06,1,0,0,0,0.0,0.0
0,1.0,75,0.0001158764983418,2.02581290807469e-06,1,0,0,0,0.0,0.0
0,1.0,75,0.0001158764983418,2.02581290807469e-06,1,0,0,0,0.0,0.0
0,1.0,75,0.0001158764983418,2.02581290807469e-06,1,0,0,0,0.0,0.0
0,1.0,75,0.0001158764983418,2.02581290807469e-06,1,0,0,0,0.0,0.0
0,1.0,75,0.0001158764983418,2.02581290807469e-06,1,0,0,0,0.0,0.0
0,1.0,75,0.0001158764983418,2.02581290807469e-06,1,0,0,0,0.0,0.0
0,1.0,75,0.0001158764983418,2.02581290807469e-06,1,0,0,0,0.0,0.0
0,1.0,75,0.0001158764983418,2.02581290807469e-06,1,0,0,0,0.0,0.0
0,1.0,75,0.0001158764983418,2.02581290807469e-06,1,0,0,0,0.0,0.0
0,1.0,75,0.0001158764983418,2.02581290807469e-06,1,0,0,0,0.0,0.0
0,1.0,75,0.0001158764983418,2.02581290807469e-06,1,0,0,0,0.0,0.0
0,1.0,75,0.0001158764983418,2.02581290807469e-06,1,0,0,0,0.0,0.0
0,1.0,75,0.0001158764983418,2.02581290807469e-06,1,0,0,0,0.0,0.0
0,1.0,75,0.0001158764983418,2.02581290807469e-06,1,0,0,0,0.0,0.0
0,1.0,75,0.0001158764983418,2.02581290807469e-06,1,0,0,0,0.0,0.0
0,1.0,75,0.0001158764983418,2.02581290807469e-06,1,0,0,0,0.0,0.0
0,1.0,75,0.0001158764983418,2.02581290807469e-06,1,0,0,0,0.0,0.0
0,1.0,75,0.0001158764983418,2.02581290807469e-06,1,0,0,0,0.0,0.0
0,1.0,75,0.0001158764983418,2.02581290807469e-06,1,0,0,0,0.0,0.0
0,1.0,75,0.0001158764983418,2.02581290807469e-06,1,0,0,0,0.0,0.0
0,1.0,75,0.0001158764983418,2.02581290807469e-06,1,0,0,0,0.0,0.0
0,1.0,75,0.0001158764983418,2.02581290807469e-06,1,0,0,0,0.0,0.0
0,1.0,75,0.0001158764983418,2.02581290807469e-06,1,0,0,0,0.0,0.0
0,1.0,75,0.0001158764983418,2.02581290807469e-06,1,0,0,0,0.0,0.0
0,1.0,75,0.0001158764983418,2.02581290807469e-06,1,0,0,0,0.0,0.0
0,1.0,75,0.0001158764983418,2.02581290807469e-06,1,0,0,0,0.0,0.0
0,1.0,75,0.0001158764983418,2.02581290807469e-06,1,0,0,0,0.0,0.0
0,1.0,75,0.0001158764983418,2.02581290807469e-06,1,0,0,0,0.0,0.0
0,1.0,75,0.0001158764983418,2.02581290807469e-06,1,0,0,0,0.0,0.0
0,1.0,75,0.0001158764983418,2.02581290807469e-06,1,0,0,0,0.0,0.0
0,1.0,75,0.0001158764983418,2.02581290807469e-06,1,0,0,0,0.0,0.0
0,1.0,75,0.0001158764983418,2.02581290807469e-06,1,0,0,0,0.0,0.0
0,1.0,75,0.0001158764983418,2.02581290807469e-06,1,0,0,0,0.0,0.0
0,1.0,75,0.0001158764983418,2.02581290807469e-06,1,0,0,0,0.0,0.0
0,1.0,75,0.0001158764983418,2.02581290807469e-06,1,0,0,0,0.0,0.0
0,1.0,75,0.0001158764983418,2.02581290807469e-06,1,0,0,0,0.0,0.0
0,1.0,75,0.0001158764983418,2.02581290807469e-06,1,0,0,0,0.0,0.0
0,1.0,75,0.0001158764983418,2.02581290807469e-06,1,0,0,0,0.0,0.0
0,1.0,75,0.0001158764983418,2.02581290807469e-06,1,0,0,0,0.0,0.0
0,1.0,75,0.0001158764983418,2.02581290807469e-06,1,0,0,0,0.0,0.0
0,1.0,75,0.0001158764983418,2.02581290807469e-06,1,0,0,0,0.0,0.0
0,1.0,75,0.0001158764983418,2.02581290807469e-06,1,0,0,0,0.0,0.0
0,1.0,75,0.0001158764983418,2.02581290807469e-06,1,0,0,0,0.0,0.0
0,1.0,75,0.0001158764983418,2.02581290807469e-06,1,0,0,0,0.0,0.0
0,1.0,75,0.0001158764983418,2.02581290807469e-06,1,0,0,0,0.0,0.0
0,1.0,75,0.0001158764983418,2.02581290807469e-06,1,0,0,0,0.0,0.0
0,1.0,75,0.0001158764983418,2.02581290807469e-06,1,0,0,0,0.0,0.0
0,1.0,75,0.0001158764983418,2.02581290807469e-06,1,0,0,0,0.0,0.0
0,1.0,75,0.0001158764983418,2.02581290807469e-06,1,0,0,0,0.0,0.0
0,1.0,75,0.0001158764983418,2.02581290807469e-06,1,0,0,0,0.0,0.0
0,1.0,75,0.0001158764983418,2.02581290807469e-06,1,0,0,0,0.0,0.0
0,1.0,75,0.0001158764983418,2.02581290807469e-06,1,0,0,0,0.0,0.0
0,1.0,75,0.0001158764983418,2.02581290807469e-06,1,0,0,0,0.0,0.0
0,1.0,75,0.0001158764983418,2.02581290807469e-06,1,0,0,0,0.0,0.0
0,1.0,75,0.0001158764983418,2.02581290807469e-06,1,0,0,0,0.0,0.0
0,1.0,75,0.0001158764983418,2.02581290807469e-06,1,0,0,0,0.0,0.0
0,1.0,75,0.0001158764983418,2.02581290807469e-06,1,0,0,0,0.0,0.0
0,1.0,75,0.0001158764983418,2.02581290807469e-06,1,0,0,0,0.0,0.0
0,1.0,75,0.0001158764983418,2.02581290807469e-06,1,0,0,0,0.0,0.0
0,1.0,75,0.0001158764983418,2.02581290807469e-06,1,0,0,0,0.0,0.0
0,1.0,75,0.0001158764983418,2.02581290807469e-06,1,0,0,0,0.0,0.0
0,1.0,75,0.0001158764983418,2.02581290807469e-06,1,0,0,0,0.0,0.0
0,1.0,75,0.0001158764983418,2.02581290807469e-06,1,0,0,0,0.0,0.0
0,1.0,75,0.0001158764983418,2.02581290807469e-06,1,0,0,0,0.0,0.0
0,1.0,75,0.0001158764983418,2.02581290807469e-06,1,0,0,0,0.0,0.0
0,1.0,76,0.0001592288945746,1.21548774484481e-06,1,0,0,0,0.0,0.0
0,1.0,76,0.0001592288945746,1.21548774484481e-06,1,0,0,0,0.0,0.0
0,1.0,76,0.0001592288945746,1.21548774484481e-06,1,0,0,0,0.0,0.0
0,1.0,76,0.0001592288945746,1.21548774484481e-06,1,0,0,0,0.0,0.0
0,1.0,76,0.0001592288945746,1.21548774484481e-06,1,0,0,0,0.0,0.0
0,1.0,76,0.0001592288945746,1.21548774484481e-06,1,0,0,0,0.0,0.0
0,1.0,76,0.0001592288945746,1.21548774484481e-06,1,0,0,0,0.0,0.0
0,1.0,76,0.0001592288945746,1.21548774484481e-06,1,0,0,0,0.0,0.0
0,1.0,76,0.0001592288945746,1.21548774484481e-06,1,0,0,0,0.0,0.0
0,1.0,76,0.0001592288945746,1.21548774484481e-06,1,0,0,0,0.0,0.0
0,1.0,76,0.0001592288945746,1.21548774484481e-06,1,0,0,0,0.0,0.0
0,1.0,76,0.0001592288945746,1.21548774484481e-06,1,0,0,0,0.0,0.0
0,1.0,76,0.0001592288945746,1.21548774484481e-06,1,0,0,0,0.0,0.0
0,1.0,76,0.0001592288945746,1.21548774484481e-06,1,0,0,0,0.0,0.0
0,1.0,76,0.0001592288945746,1.21548774484481e-06,1,0,0,0,0.0,0.0
0,1.0,76,0.0001592288945746,1.21548774484481e-06,1,0,0,0,0.0,0.0
0,1.0,76,0.0001592288945746,1.21548774484481e-06,1,0,0,0,0.0,0.0
0,1.0,76,0.0001592288945746,1.21548774484481e-06,1,0,0,0,0.0,0.0
0,1.0,76,0.0001592288945746,1.21548774484481e-06,1,0,0,0,0.0,0.0
0,1.0,76,0.0001592288945746,1.21548774484481e-06,1,0,0,0,0.0,0.0
0,1.0,76,0.0001592288945746,1.21548774484481e-06,1,0,0,0,0.0,0.0
0,1.0,76,0.0001592288945746,1.21548774484481e-06,1,0,0,0,0.0,0.0
0,1.0,76,0.0001592288945746,1.21548774484481e-06,1,0,0,0,0.0,0.0
0,1.0,76,0.0001592288945746,1.21548774484481e-06,1,0,0,0,0.0,0.0
0,1.0,76,0.0001592288945746,1.21548774484481e-06,1,0,0,0,0.0,0.0
0,1.0,76,0.0001592288945746,1.21548774484481e-06,1,0,0,0,0.0,0.0
0,1.0,76,0.0001592288945746,1.21548774484481e-06,1,0,0,0,0.0,0.0
0,1.0,76,0.0001592288945746,1.21548774484481e-06,1,0,0,0,0.0,0.0
0,1.0,76,0.0001592288945746,1.21548774484481e-06,1,0,0,0,0.0,0.0
0,1.0,76,0.0001592288945746,1.21548774484481e-06,1,0,0,0,0.0,0.0
0,1.0,76,0.0001592288945746,1.21548774484481e-06,1,0,0,0,0.0,0.0
0,1.0,76,0.0001592288945746,1.21548774484481e-06,1,0,0,0,0.0,0.0
0,1.0,76,0.0001592288945746,1.21548774484481e-06,1,0,0,0,0.0,0.0
0,1.0,76,0.0001592288945746,1.21548774484481e-06,1,0,0,0,0.0,0.0
0,1.0,76,0.0001592288945746,1.21548774484481e-06,1,0,0,0,0.0,0.0
0,1.0,76,0.0001592288945746,1.21548774484481e-06,1,0,0,0,0.0,0.0
0,1.0,76,0.0001592288945746,1.21548774484481e-06,1,0,0,0,0.0,0.0
0,1.0,76,0.0001592288945746,1.21548774484481e-06,1,0,0,0,0.0,0.0
0,1.0,76,0.0001592288945746,1.21548774484481e-06,1,0,0,0,0.0,0.0
0,1.0,76,0.0001592288945746,1.21548774484481e-06,1,0,0,0,0.0,0.0
0,1.0,76,0.0001592288945746,1.21548774484481e-06,1,0,0,0,0.0,0.0
0,1.0,76,0.0001592288945746,1.21548774484481e-06,1,0,0,0,0.0,0.0
0,1.0,76,0.0001592288945746,1.21548774484481e-06,1,0,0,0,0.0,0.0
0,1.0,76,0.0001592288945746,1.21548774484481e-06,1,0,0,0,0.0,0.0
0,1.0,76,0.0001592288945746,1.21548774484481e-06,1,0,0,0,0.0,0.0
0,1.0,76,0.0001592288945746,1.21548774484481e-06,1,0,0,0,0.0,0.0
0,1.0,76,0.0001592288945746,1.21548774484481e-06,1,0,0,0,0.0,0.0
0,1.0,76,0.0001592288945746,1.21548774484481e-06,1,0,0,0,0.0,0.0
0,1.0,76,0.0001592288945746,1.21548774484481e-06,1,0,0,0,0.0,0.0
0,1.0,76,0.0001592288945746,1.21548774484481e-06,1,0,0,0,0.0,0.0
0,1.0,76,0.0001592288945746,1.21548774484481e-06,1,0,0,0,0.0,0.0
0,1.0,76,0.0001592288945746,1.21548774484481e-06,1,0,0,0,0.0,0.0
0,1.0,76,0.0001592288945746,1.21548774484481e-06,1,0,0,0,0.0,0.0
0,1.0,76,0.0001592288945746,1.21548774484481e-06,1,0,0,0,0.0,0.0
0,1.0,76,0.0001592288945746,1.21548774484481e-06,1,0,0,0,0.0,0.0
0,1.0,76,0.0001592288945746,1.21548774484481e-06,1,0,0,0,0.0,0.0
0,1.0,76,0.0001592288945746,1.21548774484481e-06,1,0,0,0,0.0,0.0
0,1.0,76,0.0001592288945746,1.21548774484481e-06,1,0,0,0,0.0,0.0
0,1.0,76,0.0001592288945746,1.21548774484481e-06,1,0,0,0,0.0,0.0
0,1.0,76,0.0001592288945746,1.21548774484481e-06,1,0,0,0,0.0,0.0
0,1.0,76,0.0001592288945746,1.21548774484481e-06,1,0,0,0,0.0,0.0
0,1.0,76,0.0001592288945746,1.21548774484481e-06,1,0,0,0,0.0,0.0
0,1.0,76,0.0001592288945746,1.21548774484481e-06,1,0,0,0,0.0,0.0
0,1.0,76,0.0001592288945746,1.21548774484481e-06,1,0,0,0,0.0,0.0
0,1.0,76,0.0001592288945746,1.21548774484481e-06,1,0,0,0,0.0,0.0
0,1.0,76,0.0001592288945746,1.21548774484481e-06,1,0,0,0,0.0,0.0
0,1.0,76,0.0001592288945746,1.21548774484481e-06,1,0,0,0,0.0,0.0
0,1.0,76,0.0001592288945746,1.21548774484481e-06,1,0,0,0,0.0,0.0
0,1.0,76,0.0001592288945746,1.21548774484481e-06,1,0,0,0,0.0,0.0
0,1.0,76,0.0001592288945746,1.21548774484481e-06,1,0,0,0,0.0,0.0
0,1.0,76,0.0001592288945746,1.21548774484481e-06,1,0,0,0,0.0,0.0
0,1.0,76,0.0001592288945746,1.21548774484481e-06,1,0,0,0,0.0,0.0
0,1.0,76,0.0001592288945746,1.21548774484481e-06,1,0,0,0,0.0,0.0
0,1.0,76,0.0001592288945746,1.21548774484481e-06,1,0,0,0,0.0,0.0
0,1.0,76,0.0001592288945746,1.21548774484481e-06,1,0,0,0,0.0,0.0
0,1.0,76,0.0001592288945746,1.21548774484481e-06,1,0,0,0,0.0,0.0
0,1.0,76,0.0001592288945746,1.21548774484481e-06,1,0,0,0,0.0,0.0
0,1.0,76,0.0001592288945746,1.21548774484481e-06,1,0,0,0,0.0,0.0
0,1.0,76,0.0001592288945746,1.21548774484481e-06,1,0,0,0,0.0,0.0
0,1.0,76,0.0001592288945746,1.21548774484481e-06,1,0,0,0,0.0,0.0
0,1.0,76,0.0001592288945746,1.21548774484481e-06,1,0,0,0,0.0,0.0
0,1.0,76,0.0001592288945746,1.21548774484481e-06,1,0,0,0,0.0,0.0
0,1.0,76,0.0001592288945746,1.21548774484481e-06,1,0,0,0,0.0,0.0
0,1.0,76,0.0001592288945746,1.21548774484481e-06,1,0,0,0,0.0,0.0
0,1.0,76,0.0001592288945746,1.21548774484481e-06,1,0,0,0,0.0,0.0
0,1.0,76,0.0001592288945746,1.21548774484481e-06,1,0,0,0,0.0,0.0
0,1.0,76,0.0001592288945746,1.21548774484481e-06,1,0,0,0,0.0,0.0
0,1.0,76,0.0001592288945746,1.21548774484481e-06,1,0,0,0,0.0,0.0
0,1.0,76,0.0001592288945746,1.21548774484481e-06,1,0,0,0,0.0,0.0
0,1.0,76,0.0001592288945746,1.21548774484481e-06,1,0,0,0,0.0,0.0
0,1.0,76,0.0001592288945746,1.21548774484481e-06,1,0,0,0,0.0,0.0
0,1.0,76,0.0001592288945746,1.21548774484481e-06,1,0,0,0,0.0,0.0
0,1.0,76,0.0001592288945746,1.21548774484481e-06,1,0,0,0,0.0,0.0
0,1.0,76,0.0001592288945746,1.21548774484481e-06,1,0,0,0,0.0,0.0
0,1.0,76,0.0001592288945746,1.21548774484481e-06,1,0,0,0,0.0,0.0
0,1.0,76,0.0001592288945746,1.21548774484481e-06,1,0,0,0,0.0,0.0
0,1.0,76,0.0001592288945746,1.21548774484481e-06,1,0,0,0,0.0,0.0
0,1.0,76,0.0001592288945746,1.21548774484481e-06,1,0,0,0,0.0,0.0
0,1.0,76,0.0001592288945746,1.21548774484481e-06,1,0,0,0,0.0,0.0
0,1.0,76,0.0001592288945746,1.21548774484481e-06,1,0,0,0,0.0,0.0
0,1.0,76,0.0001592288945746,1.21548774484481e-06,1,0,0,0,0.0,0.0
0,1.0,76,0.0001592288945746,1.21548774484481e-06,1,0,0,0,0.0,0.0
0,1.0,76,0.0001592288945746,1.21548774484481e-06,1,0,0,0,0.0,0.0
0,1.0,76,0.0001592288945746,1.21548774484481e-06,1,0,0,0,0.0,0.0
0,1.0,76,0.0001592288945746,1.21548774484481e-06,1,0,0,0,0.0,0.0
0,1.0,76,0.0001592288945746,1.21548774484481e-06,1,0,0,0,0.0,0.0
0,1.0,76,0.0001592288945746,1.21548774484481e-06,1,0,0,0,0.0,0.0
0,1.0,76,0.0001592288945746,1.21548774484481e-06,1,0,0,0,0.0,0.0
0,1.0,74,0.0001235745873925,4.05162581614938e-07,1,0,0,0,0.0,0.0
0,1.0,74,0.0001235745873925,4.05162581614938e-07,1,0,0,0,0.0,0.0
0,1.0,74,0.0001235745873925,4.05162581614938e-07,1,0,0,0,0.0,0.0
0,1.0,74,0.0001235745873925,4.05162581614938e-07,1,0,0,0,0.0,0.0
0,1.0,74,0.0001235745873925,4.05162581614938e-07,1,0,0,0,0.0,0.0
0,1.0,74,0.0001235745873925,4.05162581614938e-07,1,0,0,0,0.0,0.0
0,1.0,74,0.0001235745873925,4.05162581614938e-07,1,0,0,0,0.0,0.0
0,1.0,74,0.0001235745873925,4.05162581614938e-07,1,0,0,0,0.0,0.0
0,1.0,74,0.0001235745873925,4.05162581614938e-07,1,0,0,0,0.0,0.0
0,1.0,74,0.0001235745873925,4.05162581614938e-07,1,0,0,0,0.0,0.0
0,1.0,74,0.0001235745873925,4.05162581614938e-07,1,0,0,0,0.0,0.0
0,1.0,74,0.0001235745873925,4.05162581614938e-07,1,0,0,0,0.0,0.0
0,1.0,74,0.0001235745873925,4.05162581614938e-07,1,0,0,0,0.0,0.0
0,1.0,74,0.0001235745873925,4.05162581614938e-07,1,0,0,0,0.0,0.0
0,1.0,74,0.0001235745873925,4.05162581614938e-07,1,0,0,0,0.0,0.0
0,1.0,74,0.0001235745873925,4.05162581614938e-07,1,0,0,0,0.0,0.0
0,1.0,74,0.0001235745873925,4.05162581614938e-07,1,0,0,0,0.0,0.0
0,1.0,74,0.0001235745873925,4.05162581614938e-07,1,0,0,0,0.0,0.0
0,1.0,74,0.0001235745873925,4.05162581614938e-07,1,0,0,0,0.0,0.0
0,1.0,74,0.0001235745873925,4.05162581614938e-07,1,0,0,0,0.0,0.0
0,1.0,74,0.0001235745873925,4.05162581614938e-07,1,0,0,0,0.0,0.0
0,1.0,74,0.0001235745873925,4.05162581614938e-07,1,0,0,0,0.0,0.0
0,1.0,74,0.0001235745873925,4.05162581614938e-07,1,0,0,0,0.0,0.0
0,1.0,74,0.0001235745873925,4.05162581614938e-07,1,0,0,0,0.0,0.0
0,1.0,74,0.0001235745873925,4.05162581614938e-07,1,0,0,0,0.0,0.0
0,1.0,74,0.0001235745873925,4.05162581614938e-07,1,0,0,0,0.0,0.0
0,1.0,74,0.0001235745873925,4.05162581614938e-07,1,0,0,0,0.0,0.0
0,1.0,74,0.0001235745873925,4.05162581614938e-07,1,0,0,0,0.0,0.0
0,1.0,74,0.0001235745873925,4.05162581614938e-07,1,0,0,0,0.0,0.0
0,1.0,74,0.0001235745873925,4.05162581614938e-07,1,0,0,0,0.0,0.0
0,1.0,74,0.0001235745873925,4.05162581614938e-07,1,0,0,0,0.0,0.0
0,1.0,74,0.0001235745873925,4.05162581614938e-07,1,0,0,0,0.0,0.0
0,1.0,74,0.0001235745873925,4.05162581614938e-07,1,0,0,0,0.0,0.0
0,1.0,74,0.0001235745873925,4.05162581614938e-07,1,0,0,0,0.0,0.0
0,1.0,74,0.0001235745873925,4.05162581614938e-07,1,0,0,0,0.0,0.0
0,1.0,74,0.0001235745873925,4.05162581614938e-07,1,0,0,0,0.0,0.0
0,1.0,74,0.0001235745873925,4.05162581614938e-07,1,0,0,0,0.0,0.0
0,1.0,74,0.0001235745873925,4.05162581614938e-07,1,0,0,0,0.0,0.0
0,1.0,74,0.0001235745873925,4.05162581614938e-07,1,0,0,0,0.0,0.0
0,1.0,74,0.0001235745873925,4.05162581614938e-07,1,0,0,0,0.0,0.0
0,1.0,74,0.0001235745873925,4.05162581614938e-07,1,0,0,0,0.0,0.0
0,1.0,74,0.0001235745873925,4.05162581614938e-07,1,0,0,0,0.0,0.0
0,1.0,74,0.0001235745873925,4.05162581614938e-07,1,0,0,0,0.0,0.0
0,1.0,74,0.0001235745873925,4.05162581614938e-07,1,0,0,0,0.0,0.0
0,1.0,74,0.0001235745873925,4.05162581614938e-07,1,0,0,0,0.0,0.0
0,1.0,74,0.0001235745873925,4.05162581614938e-07,1,0,0,0,0.0,0.0
0,1.0,74,0.0001235745873925,4.05162581614938e-07,1,0,0,0,0.0,0.0
0,1.0,74,0.0001235745873925,4.05162581614938e-07,1,0,0,0,0.0,0.0
0,1.0,74,0.0001235745873925,4.05162581614938e-07,1,0,0,0,0.0,0.0
0,1.0,74,0.0001235745873925,4.05162581614938e-07,1,0,0,0,0.0,0.0
0,1.0,74,0.0001235745873925,4.05162581614938e-07,1,0,0,0,0.0,0.0
0,1.0,74,0.0001235745873925,4.05162581614938e-07,1,0,0,0,0.0,0.0
0,1.0,74,0.0001235745873925,4.05162581614938e-07,1,0,0,0,0.0,0.0
0,1.0,74,0.0001235745873925,4.05162581614938e-07,1,0,0,0,0.0,0.0
0,1.0,74,0.0001235745873925,4.05162581614938e-07,1,0,0,0,0.0,0.0
0,1.0,74,0.0001235745873925,4.05162581614938e-07,1,0,0,0,0.0,0.0
0,1.0,74,0.0001235745873925,4.05162581614938e-07,1,0,0,0,0.0,0.0
0,1.0,74,0.0001235745873925,4.05162581614938e-07,1,0,0,0,0.0,0.0
0,1.0,74,0.0001235745873925,4.05162581614938e-07,1,0,0,0,0.0,0.0
0,1.0,74,0.0001235745873925,4.05162581614938e-07,1,0,0,0,0.0,0.0
0,1.0,74,0.0001235745873925,4.05162581614938e-07,1,0,0,0,0.0,0.0
0,1.0,74,0.0001235745873925,4.05162581614938e-07,1,0,0,0,0.0,0.0
0,1.0,74,0.0001235745873925,4.05162581614938e-07,1,0,0,0,0.0,0.0
0,1.0,74,0.0001235745873925,4.05162581614938e-07,1,0,0,0,0.0,0.0
0,1.0,74,0.0001235745873925,4.05162581614938e-07,1,0,0,0,0.0,0.0
0,1.0,74,0.0001235745873925,4.05162581614938e-07,1,0,0,0,0.0,0.0
0,1.0,74,0.0001235745873925,4.05162581614938e-07,1,0,0,0,0.0,0.0
0,1.0,74,0.0001235745873925,4.05162581614938e-07,1,0,0,0,0.0,0.0
0,1.0,74,0.0001235745873925,4.05162581614938e-07,1,0,0,0,0.0,0.0
0,1.0,74,0.0001235745873925,4.05162581614938e-07,1,0,0,0,0.0,0.0
0,1.0,74,0.0001235745873925,4.05162581614938e-07,1,0,0,0,0.0,0.0
0,1.0,74,0.0001235745873925,4.05162581614938e-07,1,0,0,0,0.0,0.0
0,1.0,74,0.0001235745873925,4.05162581614938e-07,1,0,0,0,0.0,0.0
0,1.0,74,0.0001235745873925,4.05162581614938e-07,1,0,0,0,0.0,0.0
0,1.0,74,0.0001235745873925,4.05162581614938e-07,1,0,0,0,0.0,0.0
0,1.0,74,0.0001235745873925,4.05162581614938e-07,1,0,0,0,0.0,0.0
0,1.0,74,0.0001235745873925,4.05162581614938e-07,1,0,0,0,0.0,0.0
0,1.0,74,0.0001235745873925,4.05162581614938e-07,1,0,0,0,0.0,0.0
0,1.0,74,0.0001235745873925,4.05162581614938e-07,1,0,0,0,0.0,0.0
0,1.0,74,0.0001235745873925,4.05162581614938e-07,1,0,0,0,0.0,0.0
0,1.0,74,0.0001235745873925,4.05162581614938e-07,1,0,0,0,0.0,0.0
0,1.0,74,0.0001235745873925,4.05162581614938e-07,1,0,0,0,0.0,0.0
0,1.0,74,0.0001235745873925,4.05162581614938e-07,1,0,0,0,0.0,0.0
0,1.0,74,0.0001235745873925,4.05162581614938e-07,1,0,0,0,0.0,0.0
0,1.0,74,0.0001235745873925,4.05162581614938e-07,1,0,0,0,0.0,0.0
0,1.0,74,0.0001235745873925,4.05162581614938e-07,1,0,0,0,0.0,0.0
0,1.0,74,0.0001235745873925,4.05162581614938e-07,1,0,0,0,0.0,0.0
0,1.0,74,0.0001235745873925,4.05162581614938e-07,1,0,0,0,0.0,0.0
0,1.0,74,0.0001235745873925,4.05162581614938e-07,1,0,0,0,0.0,0.0
0,1.0,74,0.0001235745873925,4.05162581614938e-07,1,0,0,0,0.0,0.0
0,1.0,74,0.0001235745873925,4.05162581614938e-07,1,0,0,0,0.0,0.0
0,1.0,74,0.0001235745873925,4.05162581614938e-07,1,0,0,0,0.0,0.0
0,1.0,74,0.0001235745873925,4.05162581614938e-07,1,0,0,0,0.0,0.0
0,1.0,74,0.0001235745873925,4.05162581614938e-07,1,0,0,0,0.0,0.0
0,1.0,74,0.0001235745873925,4.05162581614938e-07,1,0,0,0,0.0,0.0
0,1.0,74,0.0001235745873925,4.05162581614938e-07,1,0,0,0,0.0,0.0
0,1.0,74,0.0001235745873925,4.05162581614938e-07,1,0,0,0,0.0,0.0
0,1.0,74,0.0001235745873925,4.05162581614938e-07,1,0,0,0,0.0,0.0
0,1.0,74,0.0001235745873925,4.05162581614938e-07,1,0,0,0,0.0,0.0
0,1.0,74,0.0001235745873925,4.05162581614938e-07,1,0,0,0,0.0,0.0
0,1.0,74,0.0001235745873925,4.05162581614938e-07,1,0,0,0,0.0,0.0
0,1.0,74,0.0001235745873925,4.05162581614938e-07,1,0,0,0,0.0,0.0
0,1.0,74,0.0001235745873925,4.05162581614938e-07,1,0,0,0,0.0,0.0
0,1.0,74,0.0001235745873925,4.05162581614938e-07,1,0,0,0,0.0,0.0
0,1.0,74,0.0001235745873925,4.05162581614938e-07,1,0,0,0,0.0,0.0
0,1.0,74,0.0001235745873925,4.05162581614938e-07,1,0,0,0,0.0,0.0
0,1.0,74,0.0001235745873925,4.05162581614938e-07,1,0,0,0,0.0,0.0
0,1.0,74,0.0001235745873925,4.05162581614938e-07,1,0,0,0,0.0,0.0
0,1.0,74,0.0001235745873925,4.05162581614938e-07,1,0,0,0,0.0,0.0
0,1.0,74,0.0001235745873925,4.05162581614938e-07,1,0,0,0,0.0,0.0
0,1.0,74,0.0001235745873925,4.05162581614938e-07,1,0,0,0,0.0,0.0
0,1.0,74,0.0001235745873925,4.05162581614938e-07,1,0,0,0,0.0,0.0
0,1.0,74,0.0001235745873925,4.05162581614938e-07,1,0,0,0,0.0,0.0
0,1.0,74,0.0001235745873925,4.05162581614938e-07,1,0,0,0,0.0,0.0
0,1.0,74,0.0001235745873925,4.05162581614938e-07,1,0,0,0,0.0,0.0
0,1.0,74,0.0001235745873925,4.05162581614938e-07,1,0,0,0,0.0,0.0
0,1.0,74,0.0001235745873925,4.05162581614938e-07,1,0,0,0,0.0,0.0
0,1.0,74,0.0001235745873925,4.05162581614938e-07,1,0,0,0,0.0,0.0
0,1.0,74,0.0001235745873925,4.05162581614938e-07,1,0,0,0,0.0,0.0
0,1.0,74,0.0001235745873925,4.05162581614938e-07,1,0,0,0,0.0,0.0
0,1.0,74,0.0001235745873925,4.05162581614938e-07,1,0,0,0,0.0,0.0
0,1.0,74,0.0001235745873925,4.05162581614938e-07,1,0,0,0,0.0,0.0
0,1.0,74,0.0001235745873925,4.05162581614938e-07,1,0,0,0,0.0,0.0
0,1.0,74,0.0001235745873925,4.05162581614938e-07,1,0,0,0,0.0,0.0
0,1.0,74,0.0001235745873925,4.05162581614938e-07,1,0,0,0,0.0,0.0
0,1.0,74,0.0001235745873925,4.05162581614938e-07,1,0,0,0,0.0,0.0
0,1.0,74,0.0001235745873925,4.05162581614938e-07,1,0,0,0,0.0,0.0
0,1.0,74,0.0001235745873925,4.05162581614938e-07,1,0,0,0,0.0,0.0
0,1.0,74,0.0001235745873925,4.05162581614938e-07,1,0,0,0,0.0,0.0
0,1.0,74,0.0001235745873925,4.05162581614938e-07,1,0,0,0,0.0,0.0
0,1.0,74,0.0001235745873925,4.05162581614938e-07,1,0,0,0,0.0,0.0
0,1.0,74,0.0001235745873925,4.05162581614938e-07,1,0,0,0,0.0,0.0
0,1.0,74,0.0001235745873925,4.05162581614938e-07,1,0,0,0,0.0,0.0
0,1.0,74,0.0001235745873925,4.05162581614938e-07,1,0,0,0,0.0,0.0
0,1.0,74,0.0001235745873925,4.05162581614938e-07,1,0,0,0,0.0,0.0
0,1.0,74,0.0001235745873925,4.05162581614938e-07,1,0,0,0,0.0,0.0
0,1.0,74,0.0001235745873925,4.05162581614938e-07,1,0,0,0,0.0,0.0
0,1.0,74,0.0001235745873925,4.05162581614938e-07,1,0,0,0,0.0,0.0
0,1.0,74,0.0001235745873925,4.05162581614938e-07,1,0,0,0,0.0,0.0
0,1.0,74,0.0001235745873925,4.05162581614938e-07,1,0,0,0,0.0,0.0
0,1.0,74,0.0001235745873925,4.05162581614938e-07,1,0,0,0,0.0,0.0
0,1.0,74,0.0001235745873925,4.05162581614938e-07,1,0,0,0,0.0,0.0
0,1.0,74,0.0001235745873925,4.05162581614938e-07,1,0,0,0,0.0,0.0
0,1.0,74,0.0001235745873925,4.05162581614938e-07,1,0,0,0,0.0,0.0
0,1.0,75,0.0001158764983418,2.02581290807469e-06,1,0,0,0,0.0,0.0
0,1.0,75,0.0001158764983418,2.02581290807469e-06,1,0,0,0,0.0,0.0
0,1.0,75,0.0001158764983418,2.02581290807469e-06,1,0,0,0,0.0,0.0
0,1.0,75,0.0001158764983418,2.02581290807469e-06,1,0,0,0,0.0,0.0
0,1.0,75,0.0001158764983418,2.02581290807469e-06,1,0,0,0,0.0,0.0
0,1.0,75,0.0001158764983418,2.02581290807469e-06,1,0,0,0,0.0,0.0
0,1.0,75,0.0001158764983418,2.02581290807469e-06,1,0,0,0,0.0,0.0
0,1.0,75,0.0001158764983418,2.02581290807469e-06,1,0,0,0,0.0,0.0
0,1.0,75,0.0001158764983418,2.02581290807469e-06,1,0,0,0,0.0,0.0
0,1.0,75,0.0001158764983418,2.02581290807469e-06,1,0,0,0,0.0,0.0
0,1.0,75,0.0001158764983418,2.02581290807469e-06,1,0,0,0,0.0,0.0
0,1.0,75,0.0001158764983418,2.02581290807469e-06,1,0,0,0,0.0,0.0
0,1.0,75,0.0001158764983418,2.02581290807469e-06,1,0,0,0,0.0,0.0
0,1.0,75,0.0001158764983418,2.02581290807469e-06,1,0,0,0,0.0,0.0
0,1.0,75,0.0001158764983418,2.02581290807469e-06,1,0,0,0,0.0,0.0
0,1.0,75,0.0001158764983418,2.02581290807469e-06,1,0,0,0,0.0,0.0
0,1.0,75,0.0001158764983418,2.02581290807469e-06,1,0,0,0,0.0,0.0
0,1.0,75,0.0001158764983418,2.02581290807469e-06,1,0,0,0,0.0,0.0
0,1.0,75,0.0001158764983418,2.02581290807469e-06,1,0,0,0,0.0,0.0
0,1.0,75,0.0001158764983418,2.02581290807469e-06,1,0,0,0,0.0,0.0
0,1.0,75,0.0001158764983418,2.02581290807469e-06,1,0,0,0,0.0,0.0
0,1.0,75,0.0001158764983418,2.02581290807469e-06,1,0,0,0,0.0,0.0
0,1.0,75,0.0001158764983418,2.02581290807469e-06,1,0,0,0,0.0,0.0
0,1.0,75,0.0001158764983418,2.02581290807469e-06,1,0,0,0,0.0,0.0
0,1.0,75,0.0001158764983418,2.02581290807469e-06,1,0,0,0,0.0,0.0
0,1.0,75,0.0001158764983418,2.02581290807469e-06,1,0,0,0,0.0,0.0
0,1.0,75,0.0001158764983418,2.02581290807469e-06,1,0,0,0,0.0,0.0
0,1.0,75,0.0001158764983418,2.02581290807469e-06,1,0,0,0,0.0,0.0
0,1.0,75,0.0001158764983418,2.02581290807469e-06,1,0,0,0,0.0,0.0
0,1.0,75,0.0001158764983418,2.02581290807469e-06,1,0,0,0,0.0,0.0
0,1.0,75,0.0001158764983418,2.02581290807469e-06,1,0,0,0,0.0,0.0
0,1.0,75,0.0001158764983418,2.02581290807469e-06,1,0,0,0,0.0,0.0
0,1.0,75,0.0001158764983418,2.02581290807469e-06,1,0,0,0,0.0,0.0
0,1.0,75,0.0001158764983418,2.02581290807469e-06,1,0,0,0,0.0,0.0
0,1.0,75,0.0001158764983418,2.02581290807469e-06,1,0,0,0,0.0,0.0
0,1.0,75,0.0001158764983418,2.02581290807469e-06,1,0,0,0,0.0,0.0
0,1.0,77,0.0002050122662971,1.21548774484481e-06,1,0,0,0,0.0,0.0
0,1.0,77,0.0002050122662971,1.21548774484481e-06,1,0,0,0,0.0,0.0
0,1.0,77,0.0002050122662971,1.21548774484481e-06,1,0,0,0,0.0,0.0
0,1.0,77,0.0002050122662971,1.21548774484481e-06,1,0,0,0,0.0,0.0
0,1.0,77,0.0002050122662971,1.21548774484481e-06,1,0,0,0,0.0,0.0
0,1.0,77,0.0002050122662971,1.21548774484481e-06,1,0,0,0,0.0,0.0
0,1.0,77,0.0002050122662971,1.21548774484481e-06,1,0,0,0,0.0,0.0
0,1.0,77,0.0002050122662971,1.21548774484481e-06,1,0,0,0,0.0,0.0
0,1.0,77,0.0002050122662971,1.21548774484481e-06,1,0,0,0,0.0,0.0
0,1.0,77,0.0002050122662971,1.21548774484481e-06,1,0,0,0,0.0,0.0
0,1.0,77,0.0002050122662971,1.21548774484481e-06,1,0,0,0,0.0,0.0
0,1.0,77,0.0002050122662971,1.21548774484481e-06,1,0,0,0,0.0,0.0
0,1.0,77,0.0002050122662971,1.21548774484481e-06,1,0,0,0,0.0,0.0
0,1.0,77,0.0002050122662971,1.21548774484481e-06,1,0,0,0,0.0,0.0
0,1.0,77,0.0002050122662971,1.21548774484481e-06,1,0,0,0,0.0,0.0
0,1.0,77,0.0002050122662971,1.21548774484481e-06,1,0,0,0,0.0,0.0
0,1.0,77,0.0002050122662971,1.21548774484481e-06,1,0,0,0,0.0,0.0
0,1.0,77,0.0002050122662971,1.21548774484481e-06,1,0,0,0,0.0,0.0
0,1.0,77,0.0002050122662971,1.21548774484481e-06,1,0,0,0,0.0,0.0
0,1.0,77,0.0002050122662971,1.21548774484481e-06,1,0,0,0,0.0,0.0
0,1.0,77,0.0002050122662971,1.21548774484481e-06,1,0,0,0,0.0,0.0
0,1.0,77,0.0002050122662971,1.21548774484481e-06,1,0,0,0,0.0,0.0
0,1.0,77,0.0002050122662971,1.21548774484481e-06,1,0,0,0,0.0,0.0
0,1.0,77,0.0002050122662971,1.21548774484481e-06,1,0,0,0,0.0,0.0
0,1.0,77,0.0002050122662971,1.21548774484481e-06,1,0,0,0,0.0,0.0
0,1.0,77,0.0002050122662971,1.21548774484481e-06,1,0,0,0,0.0,0.0
0,1.0,77,0.0002050122662971,1.21548774484481e-06,1,0,0,0,0.0,0.0
0,1.0,77,0.0002050122662971,1.21548774484481e-06,1,0,0,0,0.0,0.0
0,1.0,77,0.0002050122662971,1.21548774484481e-06,1,0,0,0,0.0,0.0
0,1.0,77,0.0002050122662971,1.21548774484481e-06,1,0,0,0,0.0,0.0
0,1.0,77,0.0002050122662971,1.21548774484481e-06,1,0,0,0,0.0,0.0
0,1.0,77,0.0002050122662971,1.21548774484481e-06,1,0,0,0,0.0,0.0
0,1.0,77,0.0002050122662971,1.21548774484481e-06,1,0,0,0,0.0,0.0
0,1.0,77,0.0002050122662971,1.21548774484481e-06,1,0,0,0,0.0,0.0
0,1.0,77,0.0002050122662971,1.21548774484481e-06,1,0,0,0,0.0,0.0
0,1.0,77,0.0002050122662971,1.21548774484481e-06,1,0,0,0,0.0,0.0
0,1.0,84,0.0043006684323369,0.0,1,0,0,0,0.0,0.0
0,1.0,87,0.0047168621515954,2.52238617732375e-05,1,0,0,0,0.0,0.0
0,1.0,94,0.0017026106696935,1.26119308866187e-05,1,0,0,0,0.0,0.0
0,1.0,100,0.0012611930886618,3.78357926598562e-05,1,0,0,0,0.0,0.0
0,1.0,84,0.0,0.0,0,1,0,1,0.0,0.0
0,1.0,84,0.0,0.0,0,1,0,1,0.0,0.0
0,1.0,84,0.0,0.0,0,1,0,1,0.0,0.0
0,1.0,84,0.0,0.0,0,1,0,1,0.0,0.0
0,1.0,85,0.0022511310976855,1.97113520442491e-05,0,0,0,1,0.0,0.0
0,1.0,86,0.0033732890149162,4.06887244763022e-05,1,0,0,0,0.0,0.0
0,1.0,86,0.0033732890149162,4.06887244763022e-05,1,0,0,0,0.0,0.0
0,1.0,87,0.003156282484376,3.68136078595115e-05,1,0,0,0,0.0,0.0
0,1.0,87,0.003156282484376,3.68136078595115e-05,1,0,0,0,0.0,0.0
0,1.0,87,0.003156282484376,3.68136078595115e-05,1,0,0,0,0.0,0.0
0,1.0,88,0.0028220536761778,4.94077368640813e-05,1,0,0,0,0.0,0.0
0,1.0,88,0.0028220536761778,4.94077368640813e-05,1,0,0,0,0.0,0.0
0,1.0,89,0.0024820121930544,3.77823870137092e-05,1,0,0,0,0.0,0.0
0,1.0,89,0.0024820121930544,3.77823870137092e-05,1,0,0,0,0.0,0.0
0,1.0,89,0.0024820121930544,3.77823870137092e-05,1,0,0,0,0.0,0.0
0,1.0,90,0.0020005289534181,4.45638410930929e-05,1,0,0,0,0.0,0.0
0,1.0,92,0.0018629623135221,3.00321537801278e-05,1,0,0,0,0.0,0.0
0,1.0,86,0.0050241620004602,1.91761908414513e-05,1,0,0,0,0.0,0.0
0,1.0,87,0.0026809959810617,5.11152713262496e-05,1,0,0,0,0.0,0.0
0,1.0,87,0.0026809959810617,5.11152713262496e-05,1,0,0,0,0.0,0.0
0,1.0,87,0.0026809959810617,5.11152713262496e-05,1,0,0,0,0.0,0.0
0,1.0,88,0.0022017903123782,4.72816259767809e-05,1,0,0,0,0.0,0.0
0,1.0,88,0.0022017903123782,4.72816259767809e-05,1,0,0,0,0.0,0.0
0,1.0,88,0.0022017903123782,4.72816259767809e-05,1,0,0,0,0.0,0.0
0,1.0,88,0.0022017903123782,4.72816259767809e-05,1,0,0,0,0.0,0.0
0,1.0,88,0.0022017903123782,4.72816259767809e-05,1,0,0,0,0.0,0.0
1,1.0,89,0.0020637790797973,4.98373895430934e-05,1,0,0,0,0.0,0.0
0,1.0,87,0.0013861000236216,2.14476019972397e-05,1,0,0,0,0.0,0.0
0,1.0,87,0.0013861000236216,2.14476019972397e-05,1,0,0,0,0.0,0.0
0,1.0,87,0.0013861000236216,2.14476019972397e-05,1,0,0,0,0.0,0.0
0,1.0,87,0.0013861000236216,2.14476019972397e-05,1,0,0,0,0.0,0.0
0,1.0,87,0.0013861000236216,2.14476019972397e-05,1,0,0,0,0.0,0.0
0,1.0,87,0.0013861000236216,2.14476019972397e-05,1,0,0,0,0.0,0.0
0,1.0,87,0.0013861000236216,2.14476019972397e-05,1,0,0,0,0.0,0.0
0,1.0,87,0.0013861000236216,2.14476019972397e-05,1,0,0,0,0.0,0.0
1,1.0,88,0.001172598894649,1.86204180976036e-05,1,0,0,0,0.0,0.0
1,1.0,88,0.001172598894649,1.86204180976036e-05,1,0,0,0,0.0,0.0
1,1.0,88,0.001172598894649,1.86204180976036e-05,1,0,0,0,0.0,0.0
1,1.0,88,0.001172598894649,1.86204180976036e-05,1,0,0,0,0.0,0.0
0,1.0,89,0.0010136916616695,1.47208540981054e-05,1,0,0,0,0.0,0.0
0,1.0,89,0.0010136916616695,1.47208540981054e-05,1,0,0,0,0.0,0.0
0,1.0,89,0.0010136916616695,1.47208540981054e-05,1,0,0,0,0.0,0.0
0,1.0,89,0.0010136916616695,1.47208540981054e-05,1,0,0,0,0.0,0.0
0,1.0,87,0.0030624691806597,7.78593859489762e-05,1,0,0,0,0.0,0.0
0,1.0,89,0.0029327035374114,0.0,1,0,0,0,0.0,0.0
1,1.0,88,0.0030582422935077,5.91468930485005e-05,0,1,1,0,0.0030582422935077,5.91468930485005e-05
1,1.0,88,0.0030582422935077,5.91468930485005e-05,0,1,1,0,0.0030582422935077,5.91468930485005e-05
1,1.0,88,0.0030582422935077,5.91468930485005e-05,0,1,1,0,0.0030582422935077,5.91468930485005e-05
1,1.0,88,0.0030582422935077,5.91468930485005e-05,0,1,1,0,0.0030582422935077,5.91468930485005e-05
1,1.0,88,0.0030582422935077,5.91468930485005e-05,0,1,1,0,0.0030582422935077,5.91468930485005e-05
1,1.0,88,0.0030582422935077,5.91468930485005e-05,0,1,1,0,0.0030582422935077,5.91468930485005e-05
1,1.0,88,0.0030582422935077,5.91468930485005e-05,0,1,1,0,0.0030582422935077,5.91468930485005e-05
1,1.0,88,0.0030582422935077,5.91468930485005e-05,0,1,1,0,0.0030582422935077,5.91468930485005e-05
1,1.0,88,0.0030582422935077,5.91468930485005e-05,0,1,1,0,0.0030582422935077,5.91468930485005e-05
0,1.0,88,0.0030582422935077,5.91468930485005e-05,0,1,1,0,0.0030582422935077,5.91468930485005e-05
0,1.0,88,0.0030582422935077,5.91468930485005e-05,0,1,1,0,0.0030582422935077,5.91468930485005e-05
0,1.0,88,0.0030582422935077,5.91468930485005e-05,0,1,1,0,0.0030582422935077,5.91468930485005e-05
0,1.0,88,0.0030582422935077,5.91468930485005e-05,0,1,1,0,0.0030582422935077,5.91468930485005e-05
0,1.0,88,0.0030582422935077,5.91468930485005e-05,0,1,1,0,0.0030582422935077,5.91468930485005e-05
0,1.0,88,0.0030582422935077,5.91468930485005e-05,0,1,1,0,0.0030582422935077,5.91468930485005e-05
0,1.0,88,0.0030582422935077,5.91468930485005e-05,0,1,1,0,0.0030582422935077,5.91468930485005e-05
0,1.0,88,0.0030582422935077,5.91468930485005e-05,0,1,1,0,0.0030582422935077,5.91468930485005e-05
0,1.0,88,0.0030582422935077,5.91468930485005e-05,0,1,1,0,0.0030582422935077,5.91468930485005e-05
0,1.0,88,0.0030582422935077,5.91468930485005e-05,0,1,1,0,0.0030582422935077,5.91468930485005e-05
0,1.0,88,0.0030582422935077,5.91468930485005e-05,0,1,1,0,0.0030582422935077,5.91468930485005e-05
0,1.0,88,0.0030582422935077,5.91468930485005e-05,0,1,1,0,0.0030582422935077,5.91468930485005e-05
0,1.0,88,0.0030582422935077,5.91468930485005e-05,0,1,1,0,0.0030582422935077,5.91468930485005e-05
0,1.0,88,0.0030582422935077,5.91468930485005e-05,0,1,1,0,0.0030582422935077,5.91468930485005e-05
0,1.0,88,0.0030582422935077,5.91468930485005e-05,0,1,1,0,0.0030582422935077,5.91468930485005e-05
0,1.0,88,0.0030582422935077,5.91468930485005e-05,0,1,1,0,0.0030582422935077,5.91468930485005e-05
0,1.0,88,0.0030582422935077,5.91468930485005e-05,0,1,1,0,0.0030582422935077,5.91468930485005e-05
0,1.0,88,0.0030582422935077,5.91468930485005e-05,0,1,1,0,0.0030582422935077,5.91468930485005e-05
0,1.0,89,0.0026894440192053,4.17507480342356e-05,0,1,1,0,0.0026894440192053,4.17507480342356e-05
0,1.0,89,0.0026894440192053,4.17507480342356e-05,0,1,1,0,0.0026894440192053,4.17507480342356e-05
0,1.0,89,0.0026894440192053,4.17507480342356e-05,0,1,1,0,0.0026894440192053,4.17507480342356e-05
0,1.0,89,0.0026894440192053,4.17507480342356e-05,0,1,1,0,0.0026894440192053,4.17507480342356e-05
0,1.0,89,0.0026894440192053,4.17507480342356e-05,0,1,1,0,0.0026894440192053,4.17507480342356e-05
0,1.0,89,0.0026894440192053,4.17507480342356e-05,0,1,1,0,0.0026894440192053,4.17507480342356e-05
0,1.0,89,0.0026894440192053,4.17507480342356e-05,0,1,1,0,0.0026894440192053,4.17507480342356e-05
0,1.0,89,0.0026894440192053,4.17507480342356e-05,0,1,1,0,0.0026894440192053,4.17507480342356e-05
0,1.0,89,0.0026894440192053,4.17507480342356e-05,0,1,1,0,0.0026894440192053,4.17507480342356e-05
1,1.0,89,0.0026894440192053,4.17507480342356e-05,0,1,1,0,0.0026894440192053,4.17507480342356e-05
1,1.0,89,0.0026894440192053,4.17507480342356e-05,0,1,1,0,0.0026894440192053,4.17507480342356e-05
1,1.0,89,0.0026894440192053,4.17507480342356e-05,0,1,1,0,0.0026894440192053,4.17507480342356e-05
1,1.0,89,0.0026894440192053,4.17507480342356e-05,0,1,1,0,0.0026894440192053,4.17507480342356e-05
1,1.0,89,0.0026894440192053,4.17507480342356e-05,0,1,1,0,0.0026894440192053,4.17507480342356e-05
1,1.0,89,0.0026894440192053,4.17507480342356e-05,0,1,1,0,0.0026894440192053,4.17507480342356e-05
1,1.0,89,0.0026894440192053,4.17507480342356e-05,0,1,1,0,0.0026894440192053,4.17507480342356e-05
1,1.0,89,0.0026894440192053,4.17507480342356e-05,0,1,1,0,0.0026894440192053,4.17507480342356e-05
1,1.0,89,0.0026894440192053,4.17507480342356e-05,0,1,1,0,0.0026894440192053,4.17507480342356e-05
0,1.0,88,0.0035134582792311,4.54148543731408e-05,1,0,0,0,0.0,0.0
0,1.0,97,0.0013232237115083,6.81222815597112e-05,1,0,0,0,0.0,0.0
0,1.0,113,0.0006523224537232,1.85788040617394e-05,1,0,0,0,0.0,0.0
0,1.0,88,0.0030582422935077,5.91468930485005e-05,1,0,0,0,0.0,0.0
0,1.0,88,0.0030582422935077,5.91468930485005e-05,1,0,0,0,0.0,0.0
0,1.0,88,0.0030582422935077,5.91468930485005e-05,1,0,0,0,0.0,0.0
0,1.0,88,0.0030582422935077,5.91468930485005e-05,1,0,0,0,0.0,0.0
0,1.0,88,0.0030582422935077,5.91468930485005e-05,1,0,0,0,0.0,0.0
0,1.0,88,0.0030582422935077,5.91468930485005e-05,1,0,0,0,0.0,0.0
0,1.0,88,0.0030582422935077,5.91468930485005e-05,1,0,0,0,0.0,0.0
0,1.0,88,0.0030582422935077,5.91468930485005e-05,1,0,0,0,0.0,0.0
0,1.0,88,0.0030582422935077,5.91468930485005e-05,1,0,0,0,0.0,0.0
0,1.0,88,0.0030582422935077,5.91468930485005e-05,1,0,0,0,0.0,0.0
0,1.0,88,0.0030582422935077,5.91468930485005e-05,1,0,0,0,0.0,0.0
0,1.0,88,0.0030582422935077,5.91468930485005e-05,1,0,0,0,0.0,0.0
0,1.0,88,0.0030582422935077,5.91468930485005e-05,1,0,0,0,0.0,0.0
0,1.0,88,0.0030582422935077,5.91468930485005e-05,1,0,0,0,0.0,0.0
0,1.0,88,0.0030582422935077,5.91468930485005e-05,1,0,0,0,0.0,0.0
0,1.0,88,0.0030582422935077,5.91468930485005e-05,1,0,0,0,0.0,0.0
0,1.0,88,0.0030582422935077,5.91468930485005e-05,1,0,0,0,0.0,0.0
0,1.0,88,0.0030582422935077,5.91468930485005e-05,1,0,0,0,0.0,0.0
0,1.0,89,0.0026894440192053,4.17507480342356e-05,1,0,0,0,0.0,0.0
0,1.0,89,0.0026894440192053,4.17507480342356e-05,1,0,0,0,0.0,0.0
0,1.0,89,0.0026894440192053,4.17507480342356e-05,1,0,0,0,0.0,0.0
0,1.0,89,0.0026894440192053,4.17507480342356e-05,1,0,0,0,0.0,0.0
0,1.0,89,0.0026894440192053,4.17507480342356e-05,1,0,0,0,0.0,0.0
0,1.0,89,0.0026894440192053,4.17507480342356e-05,1,0,0,0,0.0,0.0
0,1.0,89,0.0026894440192053,4.17507480342356e-05,1,0,0,0,0.0,0.0
0,1.0,89,0.0026894440192053,4.17507480342356e-05,1,0,0,0,0.0,0.0
0,1.0,89,0.0026894440192053,4.17507480342356e-05,1,0,0,0,0.0,0.0
0,1.0,89,0.0026894440192053,4.17507480342356e-05,1,0,0,0,0.0,0.0
0,1.0,89,0.0026894440192053,4.17507480342356e-05,1,0,0,0,0.0,0.0
0,1.0,89,0.0026894440192053,4.17507480342356e-05,1,0,0,0,0.0,0.0
0,1.0,89,0.0026894440192053,4.17507480342356e-05,1,0,0,0,0.0,0.0
0,1.0,89,0.0026894440192053,4.17507480342356e-05,1,0,0,0,0.0,0.0
0,1.0,89,0.0026894440192053,4.17507480342356e-05,1,0,0,0,0.0,0.0
0,1.0,89,0.0026894440192053,4.17507480342356e-05,1,0,0,0,0.0,0.0
0,1.0,89,0.0026894440192053,4.17507480342356e-05,1,0,0,0,0.0,0.0
0,1.0,89,0.0026894440192053,4.17507480342356e-05,1,0,0,0,0.0,0.0
0,1.0,89,0.0026894440192053,4.17507480342356e-05,1,0,0,0,0.0,0.0
0,1.0,89,0.0026894440192053,4.17507480342356e-05,1,0,0,0,0.0,0.0
0,1.0,89,0.0026894440192053,4.17507480342356e-05,1,0,0,0,0.0,0.0
0,1.0,89,0.0026894440192053,4.17507480342356e-05,1,0,0,0,0.0,0.0
0,1.0,89,0.0026894440192053,4.17507480342356e-05,1,0,0,0,0.0,0.0
0,1.0,89,0.0026894440192053,4.17507480342356e-05,1,0,0,0,0.0,0.0
0,1.0,89,0.0026894440192053,4.17507480342356e-05,1,0,0,0,0.0,0.0
0,1.0,89,0.0026894440192053,4.17507480342356e-05,1,0,0,0,0.0,0.0
0,1.0,89,0.0026894440192053,4.17507480342356e-05,1,0,0,0,0.0,0.0
0,1.0,89,0.0026894440192053,4.17507480342356e-05,1,0,0,0,0.0,0.0
0,1.0,89,0.0026894440192053,4.17507480342356e-05,1,0,0,0,0.0,0.0
0,1.0,89,0.0026894440192053,4.17507480342356e-05,1,0,0,0,0.0,0.0
0,1.0,89,0.0026894440192053,4.17507480342356e-05,1,0,0,0,0.0,0.0
0,1.0,89,0.0026894440192053,4.17507480342356e-05,1,0,0,0,0.0,0.0
0,1.0,89,0.0026894440192053,4.17507480342356e-05,1,0,0,0,0.0,0.0
0,1.0,89,0.0026894440192053,4.17507480342356e-05,1,0,0,0,0.0,0.0
0,1.0,89,0.0026894440192053,4.17507480342356e-05,1,0,0,0,0.0,0.0
0,1.0,89,0.0026894440192053,4.17507480342356e-05,1,0,0,0,0.0,0.0
0,1.0,90,0.0025085241110569,4.52299770370886e-05,1,0,0,0,0.0,0.0
0,1.0,90,0.0025085241110569,4.52299770370886e-05,1,0,0,0,0.0,0.0
0,1.0,90,0.0025085241110569,4.52299770370886e-05,1,0,0,0,0.0,0.0
0,1.0,90,0.0025085241110569,4.52299770370886e-05,1,0,0,0,0.0,0.0
0,1.0,90,0.0025085241110569,4.52299770370886e-05,1,0,0,0,0.0,0.0
0,1.0,90,0.0025085241110569,4.52299770370886e-05,1,0,0,0,0.0,0.0
0,1.0,90,0.0025085241110569,4.52299770370886e-05,1,0,0,0,0.0,0.0
0,1.0,90,0.0025085241110569,4.52299770370886e-05,1,0,0,0,0.0,0.0
0,1.0,90,0.0025085241110569,4.52299770370886e-05,1,0,0,0,0.0,0.0
0,1.0,92,0.0017778860204578,3.82715190313826e-05,1,0,0,0,0.0,0.0
0,1.0,92,0.0017778860204578,3.82715190313826e-05,1,0,0,0,0.0,0.0
0,1.0,92,0.0017778860204578,3.82715190313826e-05,1,0,0,0,0.0,0.0
0,1.0,92,0.0017778860204578,3.82715190313826e-05,1,0,0,0,0.0,0.0
0,1.0,92,0.0017778860204578,3.82715190313826e-05,1,0,0,0,0.0,0.0
0,1.0,92,0.0017778860204578,3.82715190313826e-05,1,0,0,0,0.0,0.0
0,1.0,92,0.0017778860204578,3.82715190313826e-05,1,0,0,0,0.0,0.0
0,1.0,92,0.0017778860204578,3.82715190313826e-05,1,0,0,0,0.0,0.0
0,1.0,92,0.0017778860204578,3.82715190313826e-05,1,0,0,0,0.0,0.0
0,1.0,105,0.0125495790132907,3.82715190313826e-05,1,0,0,0,0.0,0.0
0,1.0,105,0.0125495790132907,3.82715190313826e-05,1,0,0,0,0.0,0.0
0,1.0,105,0.0125495790132907,3.82715190313826e-05,1,0,0,0,0.0,0.0
0,1.0,105,0.0125495790132907,3.82715190313826e-05,1,0,0,0,0.0,0.0
0,1.0,105,0.0125495790132907,3.82715190313826e-05,1,0,0,0,0.0,0.0
0,1.0,105,0.0125495790132907,3.82715190313826e-05,1,0,0,0,0.0,0.0
0,1.0,105,0.0125495790132907,3.82715190313826e-05,1,0,0,0,0.0,0.0
0,1.0,105,0.0125495790132907,3.82715190313826e-05,1,0,0,0,0.0,0.0
0,1.0,105,0.0125495790132907,3.82715190313826e-05,1,0,0,0,0.0,0.0
0,1.0,89,0.002482012193054,3.7782387014e-05,0,1,1,0,0.002482012193054,3.7782387014e-05
0,1.0,89,0.0026894440192053,4.17507480342356e-05,1,0,0,0,0.0,0.0
0,1.0,89,0.0026894440192053,4.17507480342356e-05,1,0,0,0,0.0,0.0
0,1.0,89,0.0026894440192053,4.17507480342356e-05,1,0,0,0,0.0,0.0
0,1.0,89,0.0026894440192053,4.17507480342356e-05,1,0,0,0,0.0,0.0
0,1.0,89,0.0026894440192053,4.17507480342356e-05,1,0,0,0,0.0,0.0
0,1.0,89,0.0026894440192053,4.17507480342356e-05,1,0,0,0,0.0,0.0
0,1.0,89,0.0026894440192053,4.17507480342356e-05,1,0,0,0,0.0,0.0
0,1.0,89,0.0026894440192053,4.17507480342356e-05,1,0,0,0,0.0,0.0
0,1.0,89,0.0026894440192053,4.17507480342356e-05,1,0,0,0,0.0,0.0
0,1.0,90,0.0011738984160714,3.24704901871473e-05,0,1,1,0,0.0011738984160714,3.24704901871473e-05
0,1.0,90,0.0011738984160714,3.24704901871473e-05,0,1,1,0,0.0011738984160714,3.24704901871473e-05
0,1.0,91,0.0007729910738005,1.25760938983815e-05,1,0,0,0,0.0,0.0
0,1.0,91,0.0007729910738005,1.25760938983815e-05,1,0,0,0,0.0,0.0
0,1.0,92,0.0006515196552161,1.08212900986073e-05,1,0,0,0,0.0,0.0
0,1.0,98,0.0006934399682107,8.28657349893352e-06,1,0,0,0,0.0,0.0
0,1.0,92,0.0006515196552161,1.08212900986073e-05,1,0,0,0,0.0,0.0
0,1.0,92,0.0006515196552161,1.08212900986073e-05,1,0,0,0,0.0,0.0
0,1.0,92,0.0006515196552161,1.08212900986073e-05,1,0,0,0,0.0,0.0
0,1.0,92,0.0006515196552161,1.08212900986073e-05,1,0,0,0,0.0,0.0
0,1.0,92,0.0006515196552161,1.08212900986073e-05,1,0,0,0,0.0,0.0
0,1.0,92,0.0006515196552161,1.08212900986073e-05,1,0,0,0,0.0,0.0
0,1.0,92,0.0006515196552161,1.08212900986073e-05,1,0,0,0,0.0,0.0
0,1.0,92,0.0006515196552161,1.08212900986073e-05,1,0,0,0,0.0,0.0
0,1.0,92,0.0009330756138501,2.43528676403605e-05,1,0,0,0,0.0,0.0
0,1.0,92,0.0009330756138501,2.43528676403605e-05,1,0,0,0,0.0,0.0
0,1.0,92,0.0009330756138501,2.43528676403605e-05,1,0,0,0,0.0,0.0
0,1.0,92,0.0009330756138501,2.43528676403605e-05,1,0,0,0,0.0,0.0
0,1.0,93,0.0009628402298549,1.39803499416884e-05,1,0,0,0,0.0,0.0
0,1.0,93,0.0009628402298549,1.39803499416884e-05,1,0,0,0,0.0,0.0
0,1.0,93,0.0009628402298549,1.39803499416884e-05,1,0,0,0,0.0,0.0
0,1.0,93,0.0009628402298549,1.39803499416884e-05,1,0,0,0,0.0,0.0
0,1.0,96,0.0017154429083672,6.19293468724648e-05,1,0,0,0,0.0,0.0
0,1.0,96,0.0017154429083672,6.19293468724648e-05,1,0,0,0,0.0,0.0
0,1.0,96,0.0017154429083672,6.19293468724648e-05,1,0,0,0,0.0,0.0
0,1.0,96,0.0017154429083672,6.19293468724648e-05,1,0,0,0,0.0,0.0
0,1.0,97,0.00062738420657,5.8634037997202e-06,1,0,0,0,0.0,0.0
0,1.0,97,0.00062738420657,5.8634037997202e-06,1,0,0,0,0.0,0.0
0,1.0,97,0.00062738420657,5.8634037997202e-06,1,0,0,0,0.0,0.0
0,1.0,97,0.00062738420657,5.8634037997202e-06,1,0,0,0,0.0,0.0
0,1.0,97,0.00062738420657,5.8634037997202e-06,1,0,0,0,0.0,0.0
0,1.0,97,0.00062738420657,5.8634037997202e-06,1,0,0,0,0.0,0.0
0,1.0,97,0.00062738420657,5.8634037997202e-06,1,0,0,0,0.0,0.0
0,1.0,97,0.00062738420657,5.8634037997202e-06,1,0,0,0,0.0,0.0
0,1.0,97,0.00062738420657,5.8634037997202e-06,1,0,0,0,0.0,0.0
0,1.0,97,0.00062738420657,5.8634037997202e-06,1,0,0,0,0.0,0.0
0,1.0,97,0.00062738420657,5.8634037997202e-06,1,0,0,0,0.0,0.0
0,1.0,97,0.00062738420657,5.8634037997202e-06,1,0,0,0,0.0,0.0
0,1.0,97,0.00062738420657,5.8634037997202e-06,1,0,0,0,0.0,0.0
0,1.0,97,0.00062738420657,5.8634037997202e-06,1,0,0,0,0.0,0.0
0,1.0,97,0.00062738420657,5.8634037997202e-06,1,0,0,0,0.0,0.0
0,1.0,97,0.00062738420657,5.8634037997202e-06,1,0,0,0,0.0,0.0
0,1.0,100,0.000983879157593,5.8634037997202e-06,1,0,0,0,0.0,0.0
0,1.0,100,0.000983879157593,5.8634037997202e-06,1,0,0,0,0.0,0.0
0,1.0,100,0.000983879157593,5.8634037997202e-06,1,0,0,0,0.0,0.0
0,1.0,100,0.000983879157593,5.8634037997202e-06,1,0,0,0,0.0,0.0
0,1.0,97,0.00062738420657,5.8634037997202e-06,1,0,0,0,0.0,0.0
0,1.0,97,0.00062738420657,5.8634037997202e-06,1,0,0,0,0.0,0.0
0,1.0,97,0.00062738420657,5.8634037997202e-06,1,0,0,0,0.0,0.0
0,1.0,97,0.00062738420657,5.8634037997202e-06,1,0,0,0,0.0,0.0
0,1.0,98,0.0006156573989706,8.20876531960828e-06,1,0,0,0,0.0,0.0
0,1.0,98,0.0006156573989706,8.20876531960828e-06,1,0,0,0,0.0,0.0
0,1.0,98,0.0006156573989706,8.20876531960828e-06,1,0,0,0,0.0,0.0
0,1.0,98,0.0006156573989706,8.20876531960828e-06,1,0,0,0,0.0,0.0
0,1.0,102,0.0019466500615071,1.05541268394964e-05,1,0,0,0,0.0,0.0
0,1.0,102,0.0019466500615071,1.05541268394964e-05,1,0,0,0,0.0,0.0
0,1.0,102,0.0019466500615071,1.05541268394964e-05,1,0,0,0,0.0,0.0
0,1.0,102,0.0019466500615071,1.05541268394964e-05,1,0,0,0,0.0,0.0
0,1.0,103,0.00523836495467,8.20876531960828e-06,1,0,0,0,0.0,0.0
0,1.0,103,0.00523836495467,8.20876531960828e-06,1,0,0,0,0.0,0.0
0,1.0,103,0.00523836495467,8.20876531960828e-06,1,0,0,0,0.0,0.0
0,1.0,103,0.00523836495467,8.20876531960828e-06,1,0,0,0,0.0,0.0
0,1.0,105,0.0203858823308672,2.57989767187689e-05,1,0,0,0,0.0,0.0
0,1.0,105,0.0203858823308672,2.57989767187689e-05,1,0,0,0,0.0,0.0
0,1.0,105,0.0203858823308672,2.57989767187689e-05,1,0,0,0,0.0,0.0
0,1.0,105,0.0203858823308672,2.57989767187689e-05,1,0,0,0,0.0,0.0
0,1.0,100,0.0008309679124408,6.09884706378632e-06,1,0,0,0,0.0,0.0
0,1.0,100,0.0008309679124408,6.09884706378632e-06,1,0,0,0,0.0,0.0
0,1.0,100,0.0008309679124408,6.09884706378632e-06,1,0,0,0,0.0,0.0
0,1.0,100,0.0008309679124408,6.09884706378632e-06,1,0,0,0,0.0,0.0
0,1.0,100,0.0008309679124408,6.09884706378632e-06,1,0,0,0,0.0,0.0
0,1.0,100,0.0008309679124408,6.09884706378632e-06,1,0,0,0,0.0,0.0
0,1.0,100,0.0008309679124408,6.09884706378632e-06,1,0,0,0,0.0,0.0
0,1.0,100,0.0008309679124408,6.09884706378632e-06,1,0,0,0,0.0,0.0
0,1.0,101,0.0007100074456757,3.04942353189316e-06,1,0,0,0,0.0,0.0
0,1.0,101,0.0007100074456757,3.04942353189316e-06,1,0,0,0,0.0,0.0
0,1.0,101,0.0007100074456757,3.04942353189316e-06,1,0,0,0,0.0,0.0
0,1.0,101,0.0007100074456757,3.04942353189316e-06,1,0,0,0,0.0,0.0
0,1.0,101,0.0007100074456757,3.04942353189316e-06,1,0,0,0,0.0,0.0
0,1.0,101,0.0007100074456757,3.04942353189316e-06,1,0,0,0,0.0,0.0
0,1.0,101,0.0007100074456757,3.04942353189316e-06,1,0,0,0,0.0,0.0
0,1.0,101,0.0007100074456757,3.04942353189316e-06,1,0,0,0,0.0,0.0
0,1.0,103,0.0036720141696546,5.08237255315526e-06,1,0,0,0,0.0,0.0
0,1.0,103,0.0036720141696546,5.08237255315526e-06,1,0,0,0,0.0,0.0
0,1.0,103,0.0036720141696546,5.08237255315526e-06,1,0,0,0,0.0,0.0
0,1.0,103,0.0036720141696546,5.08237255315526e-06,1,0,0,0,0.0,0.0
0,1.0,110,0.0026006500354495,1.47388804041503e-05,1,0,0,0,0.0,0.0
0,1.0,110,0.0026006500354495,1.47388804041503e-05,1,0,0,0,0.0,0.0
0,1.0,110,0.0026006500354495,1.47388804041503e-05,1,0,0,0,0.0,0.0
0,1.0,110,0.0026006500354495,1.47388804041503e-05,1,0,0,0,0.0,0.0
0,1.0,103,0.0036720141696546,5.08237255315526e-06,1,0,0,0,0.0,0.0
0,1.0,103,0.0036720141696546,5.08237255315526e-06,1,0,0,0,0.0,0.0
0,1.0,103,0.0036720141696546,5.08237255315526e-06,1,0,0,0,0.0,0.0
0,1.0,103,0.0036720141696546,5.08237255315526e-06,1,0,0,0,0.0,0.0
0,1.0,104,0.0035671303798539,1.03215578120775e-05,1,0,0,0,0.0,0.0
0,1.0,104,0.0035671303798539,1.03215578120775e-05,1,0,0,0,0.0,0.0
0,1.0,104,0.0035671303798539,1.03215578120775e-05,1,0,0,0,0.0,0.0
0,1.0,104,0.0035671303798539,1.03215578120775e-05,1,0,0,0,0.0,0.0
0,1.0,105,0.0089498505296897,9.18404364257539e-06,1,0,0,0,0.0,0.0
0,1.0,105,0.0089498505296897,9.18404364257539e-06,1,0,0,0,0.0,0.0
