FlairSentiment,const,Week Number,case number,case rate,death number,death rate,Type_Prison,Level_Federal,Level_State,Type_case number,Type_case rate,Type_death number,Type_death rate
0,1.0,17,150.0,0.0632644453816955,0.0,0.0,1,0,1,150.0,0.0632644453816955,0.0,0.0
1,1.0,34,1.0,0.0004217629692113,0.0,0.0,1,0,1,1.0,0.0004217629692113,0.0,0.0
0,1.0,48,3.0,0.0012652889076339,0.0,0.0,1,0,1,3.0,0.0012652889076339,0.0,0.0
0,1.0,49,0.0,0.0,0.0,0.0,1,0,1,0.0,0.0,0.0,0.0
0,1.0,49,0.0,0.0,0.0,0.0,1,0,1,0.0,0.0,0.0,0.0
1,1.0,49,0.0,0.0,0.0,0.0,1,0,1,0.0,0.0,0.0,0.0
0,1.0,49,0.0,0.0,0.0,0.0,1,0,1,0.0,0.0,0.0,0.0
0,1.0,50,9.0,0.0037958667229017,0.0,0.0,1,0,1,9.0,0.0037958667229017,0.0,0.0
0,1.0,50,9.0,0.0037958667229017,0.0,0.0,1,0,1,9.0,0.0037958667229017,0.0,0.0
0,1.0,51,34.0,0.0143399409531843,0.0,0.0,1,0,1,34.0,0.0143399409531843,0.0,0.0
0,1.0,51,34.0,0.0143399409531843,0.0,0.0,1,0,1,34.0,0.0143399409531843,0.0,0.0
0,1.0,51,34.0,0.0143399409531843,0.0,0.0,1,0,1,34.0,0.0143399409531843,0.0,0.0
0,1.0,52,26.0,0.0109658371994939,0.0,0.0,1,0,1,26.0,0.0109658371994939,0.0,0.0
0,1.0,62,1.0,0.0004217629692113,0.0,0.0,1,0,1,1.0,0.0004217629692113,0.0,0.0
1,1.0,109,42.0,0.0177140447068747,0.0,0.0,1,0,1,42.0,0.0177140447068747,0.0,0.0
0,1.0,109,42.0,0.0177140447068747,0.0,0.0,1,0,1,42.0,0.0177140447068747,0.0,0.0
0,1.0,109,42.0,0.0177140447068747,0.0,0.0,1,0,1,42.0,0.0177140447068747,0.0,0.0
0,1.0,109,42.0,0.0177140447068747,0.0,0.0,1,0,1,42.0,0.0177140447068747,0.0,0.0
0,1.0,109,42.0,0.0177140447068747,0.0,0.0,1,0,1,42.0,0.0177140447068747,0.0,0.0
0,1.0,31,0.0,0.0,0.0,0.0,1,0,1,0.0,0.0,0.0,0.0
0,1.0,41,0.0,0.0,0.0,0.0,1,0,1,0.0,0.0,0.0,0.0
0,1.0,50,140.0,0.0376546530392684,0.0,0.0,1,0,1,140.0,0.0376546530392684,0.0,0.0
0,1.0,50,140.0,0.0376546530392684,0.0,0.0,1,0,1,140.0,0.0376546530392684,0.0,0.0
0,1.0,50,140.0,0.0376546530392684,0.0,0.0,1,0,1,140.0,0.0376546530392684,0.0,0.0
0,1.0,51,151.0,0.0406132329209252,0.0,0.0,1,0,1,151.0,0.0406132329209252,0.0,0.0
0,1.0,51,151.0,0.0406132329209252,0.0,0.0,1,0,1,151.0,0.0406132329209252,0.0,0.0
0,1.0,55,184.0,0.0494889725658956,0.0,0.0,1,0,1,184.0,0.0494889725658956,0.0,0.0
1,1.0,60,0.0,0.0,0.0,0.0,1,0,1,0.0,0.0,0.0,0.0
0,1.0,60,0.0,0.0,0.0,0.0,1,0,1,0.0,0.0,0.0,0.0
0,1.0,62,0.0,0.0,0.0,0.0,1,0,1,0.0,0.0,0.0,0.0
0,1.0,62,0.0,0.0,0.0,0.0,1,0,1,0.0,0.0,0.0,0.0
1,1.0,62,0.0,0.0,0.0,0.0,1,0,1,0.0,0.0,0.0,0.0
0,1.0,62,0.0,0.0,0.0,0.0,1,0,1,0.0,0.0,0.0,0.0
0,1.0,63,1.0,0.0002689618074233,0.0,0.0,1,0,1,1.0,0.0002689618074233,0.0,0.0
0,1.0,64,1.0,0.0002689618074233,0.0,0.0,1,0,1,1.0,0.0002689618074233,0.0,0.0
0,1.0,64,1.0,0.0002689618074233,0.0,0.0,1,0,1,1.0,0.0002689618074233,0.0,0.0
0,1.0,65,0.0,0.0,0.0,0.0,1,0,1,0.0,0.0,0.0,0.0
0,1.0,69,1.0,0.0002689618074233,0.0,0.0,1,0,1,1.0,0.0002689618074233,0.0,0.0
0,1.0,70,0.0,0.0,0.0,0.0,1,0,1,0.0,0.0,0.0,0.0
0,1.0,87,15.0,0.0040344271113501,0.0,0.0,1,0,1,15.0,0.0040344271113501,0.0,0.0
0,1.0,39,0.0,0.0,0.0,0.0,1,0,1,0.0,0.0,0.0,0.0
0,1.0,48,198.0,0.0601640838650866,0.0,0.0,1,0,1,198.0,0.0601640838650866,0.0,0.0
0,1.0,48,198.0,0.0601640838650866,0.0,0.0,1,0,1,198.0,0.0601640838650866,0.0,0.0
0,1.0,53,52.0,0.0158006684898207,4.0,0.0012154360376785,1,0,1,52.0,0.0158006684898207,4.0,0.0012154360376785
0,1.0,53,52.0,0.0158006684898207,4.0,0.0012154360376785,1,0,1,52.0,0.0158006684898207,4.0,0.0012154360376785
0,1.0,53,52.0,0.0158006684898207,4.0,0.0012154360376785,1,0,1,52.0,0.0158006684898207,4.0,0.0012154360376785
0,1.0,54,5.0,0.0015192950470981,1.0,0.0003038590094196,1,0,1,5.0,0.0015192950470981,1.0,0.0003038590094196
0,1.0,54,5.0,0.0015192950470981,1.0,0.0003038590094196,1,0,1,5.0,0.0015192950470981,1.0,0.0003038590094196
1,1.0,63,0.0,0.0,0.0,0.0,1,0,1,0.0,0.0,0.0,0.0
0,1.0,65,0.0,0.0,0.0,0.0,1,0,1,0.0,0.0,0.0,0.0
0,1.0,68,0.0,0.0,0.0,0.0,1,0,1,0.0,0.0,0.0,0.0
1,1.0,68,0.0,0.0,0.0,0.0,1,0,1,0.0,0.0,0.0,0.0
0,1.0,68,0.0,0.0,0.0,0.0,1,0,1,0.0,0.0,0.0,0.0
0,1.0,68,0.0,0.0,0.0,0.0,1,0,1,0.0,0.0,0.0,0.0
0,1.0,68,0.0,0.0,0.0,0.0,1,0,1,0.0,0.0,0.0,0.0
1,1.0,69,0.0,0.0,0.0,0.0,1,0,1,0.0,0.0,0.0,0.0
0,1.0,69,0.0,0.0,0.0,0.0,1,0,1,0.0,0.0,0.0,0.0
0,1.0,69,0.0,0.0,0.0,0.0,1,0,1,0.0,0.0,0.0,0.0
0,1.0,69,0.0,0.0,0.0,0.0,1,0,1,0.0,0.0,0.0,0.0
0,1.0,69,0.0,0.0,0.0,0.0,1,0,1,0.0,0.0,0.0,0.0
1,1.0,69,0.0,0.0,0.0,0.0,1,0,1,0.0,0.0,0.0,0.0
0,1.0,69,0.0,0.0,0.0,0.0,1,0,1,0.0,0.0,0.0,0.0
1,1.0,69,0.0,0.0,0.0,0.0,1,0,1,0.0,0.0,0.0,0.0
0,1.0,69,0.0,0.0,0.0,0.0,1,0,1,0.0,0.0,0.0,0.0
0,1.0,69,0.0,0.0,0.0,0.0,1,0,1,0.0,0.0,0.0,0.0
1,1.0,70,0.0,0.0,0.0,0.0,1,0,1,0.0,0.0,0.0,0.0
0,1.0,70,0.0,0.0,0.0,0.0,1,0,1,0.0,0.0,0.0,0.0
0,1.0,41,0.0,0.0,0.0,0.0,1,0,1,0.0,0.0,0.0,0.0
0,1.0,45,5.0,0.0015033072760072,0.0,0.0,1,0,1,5.0,0.0015033072760072,0.0,0.0
0,1.0,47,9.0,0.0027059530968129,0.0,0.0,1,0,1,9.0,0.0027059530968129,0.0,0.0
0,1.0,51,151.0,0.0453998797354179,0.0,0.0,1,0,1,151.0,0.0453998797354179,0.0,0.0
0,1.0,53,78.0,0.0234515935057126,0.0,0.0,1,0,1,78.0,0.0234515935057126,0.0,0.0
0,1.0,54,56.0,0.0168370414912808,1.0,0.0003006614552014,1,0,1,56.0,0.0168370414912808,1.0,0.0003006614552014
0,1.0,69,1.0,0.0003006614552014,0.0,0.0,1,0,1,1.0,0.0003006614552014,0.0,0.0
0,1.0,69,1.0,0.0003006614552014,0.0,0.0,1,0,1,1.0,0.0003006614552014,0.0,0.0
0,1.0,69,1.0,0.0003006614552014,0.0,0.0,1,0,1,1.0,0.0003006614552014,0.0,0.0
0,1.0,69,1.0,0.0003006614552014,0.0,0.0,1,0,1,1.0,0.0003006614552014,0.0,0.0
0,1.0,69,1.0,0.0003006614552014,0.0,0.0,1,0,1,1.0,0.0003006614552014,0.0,0.0
0,1.0,69,1.0,0.0003006614552014,0.0,0.0,1,0,1,1.0,0.0003006614552014,0.0,0.0
0,1.0,69,1.0,0.0003006614552014,0.0,0.0,1,0,1,1.0,0.0003006614552014,0.0,0.0
0,1.0,69,1.0,0.0003006614552014,0.0,0.0,1,0,1,1.0,0.0003006614552014,0.0,0.0
0,1.0,79,0.0,0.0,0.0,0.0,1,0,1,0.0,0.0,0.0,0.0
0,1.0,85,4.0,0.0012026458208057,0.0,0.0,1,0,1,4.0,0.0012026458208057,0.0,0.0
0,1.0,104,1.0,0.0003006614552014,0.0,0.0,1,0,1,1.0,0.0003006614552014,0.0,0.0
0,1.0,106,13.0,0.0039085989176187,0.0,0.0,1,0,1,13.0,0.0039085989176187,0.0,0.0
0,1.0,43,30.0,0.0069881201956673,0.0,0.0,1,0,1,30.0,0.0069881201956673,0.0,0.0
0,1.0,47,124.0,0.0288842301420918,1.0,0.0002329373398555,1,0,1,124.0,0.0288842301420918,1.0,0.0002329373398555
0,1.0,50,278.0,0.0647565804798509,2.0,0.0004658746797111,1,0,1,278.0,0.0647565804798509,2.0,0.0004658746797111
0,1.0,50,278.0,0.0647565804798509,2.0,0.0004658746797111,1,0,1,278.0,0.0647565804798509,2.0,0.0004658746797111
0,1.0,51,124.0,0.0288842301420918,0.0,0.0,1,0,1,124.0,0.0288842301420918,0.0,0.0
1,1.0,52,165.0,0.0384346610761705,2.0,0.0004658746797111,1,0,1,165.0,0.0384346610761705,2.0,0.0004658746797111
0,1.0,52,165.0,0.0384346610761705,2.0,0.0004658746797111,1,0,1,165.0,0.0384346610761705,2.0,0.0004658746797111
0,1.0,52,165.0,0.0384346610761705,2.0,0.0004658746797111,1,0,1,165.0,0.0384346610761705,2.0,0.0004658746797111
0,1.0,52,165.0,0.0384346610761705,2.0,0.0004658746797111,1,0,1,165.0,0.0384346610761705,2.0,0.0004658746797111
0,1.0,52,165.0,0.0384346610761705,2.0,0.0004658746797111,1,0,1,165.0,0.0384346610761705,2.0,0.0004658746797111
0,1.0,52,165.0,0.0384346610761705,2.0,0.0004658746797111,1,0,1,165.0,0.0384346610761705,2.0,0.0004658746797111
0,1.0,52,165.0,0.0384346610761705,2.0,0.0004658746797111,1,0,1,165.0,0.0384346610761705,2.0,0.0004658746797111
0,1.0,52,165.0,0.0384346610761705,2.0,0.0004658746797111,1,0,1,165.0,0.0384346610761705,2.0,0.0004658746797111
0,1.0,52,165.0,0.0384346610761705,2.0,0.0004658746797111,1,0,1,165.0,0.0384346610761705,2.0,0.0004658746797111
0,1.0,53,125.0,0.0291171674819474,4.0,0.0009317493594223,1,0,1,125.0,0.0291171674819474,4.0,0.0009317493594223
0,1.0,53,125.0,0.0291171674819474,4.0,0.0009317493594223,1,0,1,125.0,0.0291171674819474,4.0,0.0009317493594223
1,1.0,53,125.0,0.0291171674819474,4.0,0.0009317493594223,1,0,1,125.0,0.0291171674819474,4.0,0.0009317493594223
0,1.0,53,125.0,0.0291171674819474,4.0,0.0009317493594223,1,0,1,125.0,0.0291171674819474,4.0,0.0009317493594223
0,1.0,53,125.0,0.0291171674819474,4.0,0.0009317493594223,1,0,1,125.0,0.0291171674819474,4.0,0.0009317493594223
1,1.0,53,125.0,0.0291171674819474,4.0,0.0009317493594223,1,0,1,125.0,0.0291171674819474,4.0,0.0009317493594223
0,1.0,54,122.0,0.0284183554623806,1.0,0.0002329373398555,1,0,1,122.0,0.0284183554623806,1.0,0.0002329373398555
0,1.0,54,122.0,0.0284183554623806,1.0,0.0002329373398555,1,0,1,122.0,0.0284183554623806,1.0,0.0002329373398555
0,1.0,55,14.0,0.0032611227579781,1.0,0.0002329373398555,1,0,1,14.0,0.0032611227579781,1.0,0.0002329373398555
0,1.0,55,14.0,0.0032611227579781,1.0,0.0002329373398555,1,0,1,14.0,0.0032611227579781,1.0,0.0002329373398555
0,1.0,58,0.0,0.0,0.0,0.0,1,0,1,0.0,0.0,0.0,0.0
0,1.0,64,0.0,0.0,0.0,0.0,1,0,1,0.0,0.0,0.0,0.0
0,1.0,66,1.0,0.0002329373398555,0.0,0.0,1,0,1,1.0,0.0002329373398555,0.0,0.0
1,1.0,67,1.0,0.0002329373398555,0.0,0.0,1,0,1,1.0,0.0002329373398555,0.0,0.0
0,1.0,43,0.0,0.0,0.0,0.0,1,0,1,0.0,0.0,0.0,0.0
0,1.0,44,0.0,0.0,0.0,0.0,1,0,1,0.0,0.0,0.0,0.0
0,1.0,44,0.0,0.0,0.0,0.0,1,0,1,0.0,0.0,0.0,0.0
0,1.0,45,0.0,0.0,0.0,0.0,1,0,1,0.0,0.0,0.0,0.0
0,1.0,45,0.0,0.0,0.0,0.0,1,0,1,0.0,0.0,0.0,0.0
0,1.0,48,0.0,0.0,0.0,0.0,1,0,1,0.0,0.0,0.0,0.0
0,1.0,51,0.0,0.0,0.0,0.0,1,0,1,0.0,0.0,0.0,0.0
1,1.0,51,0.0,0.0,0.0,0.0,1,0,1,0.0,0.0,0.0,0.0
0,1.0,55,2.0,0.0005733944954128,0.0,0.0,1,0,1,2.0,0.0005733944954128,0.0,0.0
0,1.0,43,1.0,0.0003732736095558,0.0,0.0,1,0,1,1.0,0.0003732736095558,0.0,0.0
0,1.0,45,2.0,0.0007465472191116,0.0,0.0,1,0,1,2.0,0.0007465472191116,0.0,0.0
0,1.0,48,86.0,0.0321015304217992,1.0,0.0003732736095558,1,0,1,86.0,0.0321015304217992,1.0,0.0003732736095558
0,1.0,49,635.0,0.237028742067936,1.0,0.0003732736095558,1,0,1,635.0,0.237028742067936,1.0,0.0003732736095558
0,1.0,63,1.0,0.0003732736095558,0.0,0.0,1,0,1,1.0,0.0003732736095558,0.0,0.0
0,1.0,43,3.0,0.0006533101045296,1.0,0.0002177700348432,1,0,1,3.0,0.0006533101045296,1.0,0.0002177700348432
0,1.0,44,8.0,0.0017421602787456,0.0,0.0,1,0,1,8.0,0.0017421602787456,0.0,0.0
0,1.0,44,8.0,0.0017421602787456,0.0,0.0,1,0,1,8.0,0.0017421602787456,0.0,0.0
0,1.0,44,8.0,0.0017421602787456,0.0,0.0,1,0,1,8.0,0.0017421602787456,0.0,0.0
0,1.0,45,5.0,0.001088850174216,0.0,0.0,1,0,1,5.0,0.001088850174216,0.0,0.0
0,1.0,45,5.0,0.001088850174216,0.0,0.0,1,0,1,5.0,0.001088850174216,0.0,0.0
0,1.0,45,5.0,0.001088850174216,0.0,0.0,1,0,1,5.0,0.001088850174216,0.0,0.0
0,1.0,63,0.0,0.0,0.0,0.0,1,0,1,0.0,0.0,0.0,0.0
0,1.0,72,0.0,0.0,0.0,0.0,1,0,1,0.0,0.0,0.0,0.0
0,1.0,89,0.0,0.0,0.0,0.0,1,0,1,0.0,0.0,0.0,0.0
0,1.0,89,0.0,0.0,0.0,0.0,1,0,1,0.0,0.0,0.0,0.0
0,1.0,89,0.0,0.0,0.0,0.0,1,0,1,0.0,0.0,0.0,0.0
0,1.0,44,8.0,0.0027406646111682,0.0,0.0,1,0,1,8.0,0.0027406646111682,0.0,0.0
0,1.0,55,21.0,0.0071942446043165,0.0,0.0,1,0,1,21.0,0.0071942446043165,0.0,0.0
0,1.0,57,3.0,0.001027749229188,0.0,0.0,1,0,1,3.0,0.001027749229188,0.0,0.0
0,1.0,59,0.0,0.0,0.0,0.0,1,0,1,0.0,0.0,0.0,0.0
0,1.0,65,0.0,0.0,0.0,0.0,1,0,1,0.0,0.0,0.0,0.0
0,1.0,86,1.0,0.000342583076396,0.0,0.0,1,0,1,1.0,0.000342583076396,0.0,0.0
0,1.0,44,1.0,0.0002853067047075,0.0,0.0,1,0,1,1.0,0.0002853067047075,0.0,0.0
0,1.0,51,112.0,0.0319543509272468,1.0,0.0002853067047075,1,0,1,112.0,0.0319543509272468,1.0,0.0002853067047075
0,1.0,52,44.0,0.0125534950071327,0.0,0.0,1,0,1,44.0,0.0125534950071327,0.0,0.0
0,1.0,68,1.0,0.0002853067047075,0.0,0.0,1,0,1,1.0,0.0002853067047075,0.0,0.0
0,1.0,69,1.0,0.0002853067047075,0.0,0.0,1,0,1,1.0,0.0002853067047075,0.0,0.0
0,1.0,72,0.0,0.0,0.0,0.0,1,0,1,0.0,0.0,0.0,0.0
0,1.0,86,3.0,0.0008559201141226,1.0,0.0002853067047075,1,0,1,3.0,0.0008559201141226,1.0,0.0002853067047075
0,1.0,44,104.0,0.0514596734289955,1.0,0.0004948045522018,1,0,1,104.0,0.0514596734289955,1.0,0.0004948045522018
0,1.0,44,104.0,0.0514596734289955,1.0,0.0004948045522018,1,0,1,104.0,0.0514596734289955,1.0,0.0004948045522018
0,1.0,44,104.0,0.0514596734289955,1.0,0.0004948045522018,1,0,1,104.0,0.0514596734289955,1.0,0.0004948045522018
0,1.0,44,104.0,0.0514596734289955,1.0,0.0004948045522018,1,0,1,104.0,0.0514596734289955,1.0,0.0004948045522018
0,1.0,44,104.0,0.0514596734289955,1.0,0.0004948045522018,1,0,1,104.0,0.0514596734289955,1.0,0.0004948045522018
0,1.0,45,55.0,0.0272142503711034,0.0,0.0,1,0,1,55.0,0.0272142503711034,0.0,0.0
0,1.0,45,55.0,0.0272142503711034,0.0,0.0,1,0,1,55.0,0.0272142503711034,0.0,0.0
0,1.0,46,2.0,0.0009896091044037,0.0,0.0,1,0,1,2.0,0.0009896091044037,0.0,0.0
0,1.0,47,1.0,0.0004948045522018,1.0,0.0004948045522018,1,0,1,1.0,0.0004948045522018,1.0,0.0004948045522018
0,1.0,47,1.0,0.0004948045522018,1.0,0.0004948045522018,1,0,1,1.0,0.0004948045522018,1.0,0.0004948045522018
0,1.0,47,1.0,0.0004948045522018,1.0,0.0004948045522018,1,0,1,1.0,0.0004948045522018,1.0,0.0004948045522018
0,1.0,48,3.0,0.0014844136566056,0.0,0.0,1,0,1,3.0,0.0014844136566056,0.0,0.0
0,1.0,49,3.0,0.0014844136566056,1.0,0.0004948045522018,1,0,1,3.0,0.0014844136566056,1.0,0.0004948045522018
0,1.0,49,3.0,0.0014844136566056,1.0,0.0004948045522018,1,0,1,3.0,0.0014844136566056,1.0,0.0004948045522018
0,1.0,45,3.0,0.0009832841691248,0.0,0.0,1,0,1,3.0,0.0009832841691248,0.0,0.0
0,1.0,46,0.0,0.0,0.0,0.0,1,0,1,0.0,0.0,0.0,0.0
1,1.0,52,69.0,0.0226155358898722,0.0,0.0,1,0,1,69.0,0.0226155358898722,0.0,0.0
0,1.0,52,69.0,0.0226155358898722,0.0,0.0,1,0,1,69.0,0.0226155358898722,0.0,0.0
0,1.0,55,64.0,0.0209767289413307,0.0,0.0,1,0,1,64.0,0.0209767289413307,0.0,0.0
1,1.0,56,205.0,0.0671910848901999,0.0,0.0,1,0,1,205.0,0.0671910848901999,0.0,0.0
0,1.0,45,0.0,0.0,0.0,0.0,1,0,1,0.0,0.0,0.0,0.0
0,1.0,45,0.0,0.0,0.0,0.0,1,0,1,0.0,0.0,0.0,0.0
0,1.0,49,365.0,0.0959768603733894,1.0,0.0002629503023928,1,0,1,365.0,0.0959768603733894,1.0,0.0002629503023928
1,1.0,53,62.0,0.0163029187483566,0.0,0.0,1,0,1,62.0,0.0163029187483566,0.0,0.0
0,1.0,54,32.0,0.0084144096765711,1.0,0.0002629503023928,1,0,1,32.0,0.0084144096765711,1.0,0.0002629503023928
0,1.0,54,32.0,0.0084144096765711,1.0,0.0002629503023928,1,0,1,32.0,0.0084144096765711,1.0,0.0002629503023928
0,1.0,54,32.0,0.0084144096765711,1.0,0.0002629503023928,1,0,1,32.0,0.0084144096765711,1.0,0.0002629503023928
0,1.0,68,1.0,0.0002629503023928,0.0,0.0,1,0,1,1.0,0.0002629503023928,0.0,0.0
0,1.0,68,1.0,0.0002629503023928,0.0,0.0,1,0,1,1.0,0.0002629503023928,0.0,0.0
0,1.0,68,1.0,0.0002629503023928,0.0,0.0,1,0,1,1.0,0.0002629503023928,0.0,0.0
0,1.0,69,0.0,0.0,0.0,0.0,1,0,1,0.0,0.0,0.0,0.0
0,1.0,69,0.0,0.0,0.0,0.0,1,0,1,0.0,0.0,0.0,0.0
0,1.0,69,0.0,0.0,0.0,0.0,1,0,1,0.0,0.0,0.0,0.0
0,1.0,72,0.0,0.0,0.0,0.0,1,0,1,0.0,0.0,0.0,0.0
0,1.0,72,0.0,0.0,0.0,0.0,1,0,1,0.0,0.0,0.0,0.0
0,1.0,72,0.0,0.0,0.0,0.0,1,0,1,0.0,0.0,0.0,0.0
0,1.0,73,4.0,0.0010518012095713,0.0,0.0,1,0,1,4.0,0.0010518012095713,0.0,0.0
0,1.0,46,0.0,0.0,0.0,0.0,1,0,1,0.0,0.0,0.0,0.0
0,1.0,48,37.0,0.0322019147084421,0.0,0.0,1,0,1,37.0,0.0322019147084421,0.0,0.0
0,1.0,48,37.0,0.0322019147084421,0.0,0.0,1,0,1,37.0,0.0322019147084421,0.0,0.0
0,1.0,49,37.0,0.0322019147084421,0.0,0.0,1,0,1,37.0,0.0322019147084421,0.0,0.0
0,1.0,49,37.0,0.0322019147084421,0.0,0.0,1,0,1,37.0,0.0322019147084421,0.0,0.0
0,1.0,50,7.0,0.0060922541340295,0.0,0.0,1,0,1,7.0,0.0060922541340295,0.0,0.0
0,1.0,50,7.0,0.0060922541340295,0.0,0.0,1,0,1,7.0,0.0060922541340295,0.0,0.0
0,1.0,51,0.0,0.0,0.0,0.0,1,0,1,0.0,0.0,0.0,0.0
0,1.0,52,0.0,0.0,0.0,0.0,1,0,1,0.0,0.0,0.0,0.0
0,1.0,63,2.0,0.0017406440382941,0.0,0.0,1,0,1,2.0,0.0017406440382941,0.0,0.0
0,1.0,64,1.0,0.000870322019147,0.0,0.0,1,0,1,1.0,0.000870322019147,0.0,0.0
0,1.0,47,8.0,0.0046647230320699,0.0,0.0,1,0,1,8.0,0.0046647230320699,0.0,0.0
0,1.0,48,143.0,0.0833819241982507,0.0,0.0,1,0,1,143.0,0.0833819241982507,0.0,0.0
0,1.0,48,143.0,0.0833819241982507,0.0,0.0,1,0,1,143.0,0.0833819241982507,0.0,0.0
0,1.0,48,143.0,0.0833819241982507,0.0,0.0,1,0,1,143.0,0.0833819241982507,0.0,0.0
0,1.0,49,21.0,0.0122448979591837,0.0,0.0,1,0,1,21.0,0.0122448979591837,0.0,0.0
0,1.0,49,21.0,0.0122448979591837,0.0,0.0,1,0,1,21.0,0.0122448979591837,0.0,0.0
0,1.0,49,21.0,0.0122448979591837,0.0,0.0,1,0,1,21.0,0.0122448979591837,0.0,0.0
0,1.0,49,21.0,0.0122448979591837,0.0,0.0,1,0,1,21.0,0.0122448979591837,0.0,0.0
0,1.0,49,21.0,0.0122448979591837,0.0,0.0,1,0,1,21.0,0.0122448979591837,0.0,0.0
0,1.0,49,21.0,0.0122448979591837,0.0,0.0,1,0,1,21.0,0.0122448979591837,0.0,0.0
0,1.0,49,21.0,0.0122448979591837,0.0,0.0,1,0,1,21.0,0.0122448979591837,0.0,0.0
0,1.0,49,21.0,0.0122448979591837,0.0,0.0,1,0,1,21.0,0.0122448979591837,0.0,0.0
0,1.0,49,21.0,0.0122448979591837,0.0,0.0,1,0,1,21.0,0.0122448979591837,0.0,0.0
0,1.0,49,21.0,0.0122448979591837,0.0,0.0,1,0,1,21.0,0.0122448979591837,0.0,0.0
0,1.0,49,21.0,0.0122448979591837,0.0,0.0,1,0,1,21.0,0.0122448979591837,0.0,0.0
0,1.0,49,21.0,0.0122448979591837,0.0,0.0,1,0,1,21.0,0.0122448979591837,0.0,0.0
0,1.0,50,135.0,0.0787172011661808,0.0,0.0,1,0,1,135.0,0.0787172011661808,0.0,0.0
0,1.0,50,135.0,0.0787172011661808,0.0,0.0,1,0,1,135.0,0.0787172011661808,0.0,0.0
0,1.0,50,135.0,0.0787172011661808,0.0,0.0,1,0,1,135.0,0.0787172011661808,0.0,0.0
0,1.0,50,135.0,0.0787172011661808,0.0,0.0,1,0,1,135.0,0.0787172011661808,0.0,0.0
0,1.0,50,135.0,0.0787172011661808,0.0,0.0,1,0,1,135.0,0.0787172011661808,0.0,0.0
0,1.0,51,26.0,0.0151603498542274,1.0,0.0005830903790087,1,0,1,26.0,0.0151603498542274,1.0,0.0005830903790087
0,1.0,52,24.0,0.0139941690962099,2.0,0.0011661807580174,1,0,1,24.0,0.0139941690962099,2.0,0.0011661807580174
0,1.0,52,24.0,0.0139941690962099,2.0,0.0011661807580174,1,0,1,24.0,0.0139941690962099,2.0,0.0011661807580174
0,1.0,54,25.0,0.0145772594752187,0.0,0.0,1,0,1,25.0,0.0145772594752187,0.0,0.0
0,1.0,55,53.0,0.0309037900874636,0.0,0.0,1,0,1,53.0,0.0309037900874636,0.0,0.0
0,1.0,55,53.0,0.0309037900874636,0.0,0.0,1,0,1,53.0,0.0309037900874636,0.0,0.0
0,1.0,57,10.0,0.0058309037900874,0.0,0.0,1,0,1,10.0,0.0058309037900874,0.0,0.0
0,1.0,58,8.0,0.0046647230320699,0.0,0.0,1,0,1,8.0,0.0046647230320699,0.0,0.0
0,1.0,68,0.0,0.0,0.0,0.0,1,0,1,0.0,0.0,0.0,0.0
0,1.0,47,507.0,0.105164903546982,1.0,0.0002074258452603,1,0,1,507.0,0.105164903546982,1.0,0.0002074258452603
1,1.0,50,6.0,0.0012445550715619,0.0,0.0,1,0,1,6.0,0.0012445550715619,0.0,0.0
0,1.0,50,6.0,0.0012445550715619,0.0,0.0,1,0,1,6.0,0.0012445550715619,0.0,0.0
0,1.0,52,1.0,0.0002074258452603,0.0,0.0,1,0,1,1.0,0.0002074258452603,0.0,0.0
0,1.0,53,0.0,0.0,0.0,0.0,1,0,1,0.0,0.0,0.0,0.0
1,1.0,53,0.0,0.0,0.0,0.0,1,0,1,0.0,0.0,0.0,0.0
0,1.0,53,0.0,0.0,0.0,0.0,1,0,1,0.0,0.0,0.0,0.0
0,1.0,53,0.0,0.0,0.0,0.0,1,0,1,0.0,0.0,0.0,0.0
0,1.0,54,1.0,0.0002074258452603,0.0,0.0,1,0,1,1.0,0.0002074258452603,0.0,0.0
0,1.0,54,1.0,0.0002074258452603,0.0,0.0,1,0,1,1.0,0.0002074258452603,0.0,0.0
0,1.0,54,1.0,0.0002074258452603,0.0,0.0,1,0,1,1.0,0.0002074258452603,0.0,0.0
0,1.0,54,1.0,0.0002074258452603,0.0,0.0,1,0,1,1.0,0.0002074258452603,0.0,0.0
0,1.0,54,1.0,0.0002074258452603,0.0,0.0,1,0,1,1.0,0.0002074258452603,0.0,0.0
0,1.0,55,4.0,0.0008297033810412,0.0,0.0,1,0,1,4.0,0.0008297033810412,0.0,0.0
1,1.0,55,4.0,0.0008297033810412,0.0,0.0,1,0,1,4.0,0.0008297033810412,0.0,0.0
0,1.0,57,0.0,0.0,0.0,0.0,1,0,1,0.0,0.0,0.0,0.0
1,1.0,64,0.0,0.0,0.0,0.0,1,0,1,0.0,0.0,0.0,0.0
0,1.0,65,0.0,0.0,0.0,0.0,1,0,1,0.0,0.0,0.0,0.0
0,1.0,47,22.0,0.0078515346181299,0.0,0.0,1,0,1,22.0,0.0078515346181299,0.0,0.0
0,1.0,48,322.0,0.114917915774447,1.0,0.0003568879371877,1,0,1,322.0,0.114917915774447,1.0,0.0003568879371877
0,1.0,55,5.0,0.0017844396859386,0.0,0.0,1,0,1,5.0,0.0017844396859386,0.0,0.0
0,1.0,60,0.0,0.0,0.0,0.0,1,0,1,0.0,0.0,0.0,0.0
0,1.0,65,0.0,0.0,0.0,0.0,1,0,1,0.0,0.0,0.0,0.0
0,1.0,67,0.0,0.0,0.0,0.0,1,0,1,0.0,0.0,0.0,0.0
0,1.0,68,0.0,0.0,0.0,0.0,1,0,1,0.0,0.0,0.0,0.0
0,1.0,47,0.0,0.0,0.0,0.0,1,0,1,0.0,0.0,0.0,0.0
0,1.0,48,3.0,0.0013100436681222,0.0,0.0,1,0,1,3.0,0.0013100436681222,0.0,0.0
0,1.0,49,6.0,0.0026200873362445,0.0,0.0,1,0,1,6.0,0.0026200873362445,0.0,0.0
0,1.0,50,14.0,0.0061135371179039,0.0,0.0,1,0,1,14.0,0.0061135371179039,0.0,0.0
0,1.0,51,172.0,0.0751091703056769,0.0,0.0,1,0,1,172.0,0.0751091703056769,0.0,0.0
0,1.0,51,172.0,0.0751091703056769,0.0,0.0,1,0,1,172.0,0.0751091703056769,0.0,0.0
0,1.0,51,172.0,0.0751091703056769,0.0,0.0,1,0,1,172.0,0.0751091703056769,0.0,0.0
0,1.0,52,222.0,0.096943231441048,0.0,0.0,1,0,1,222.0,0.096943231441048,0.0,0.0
0,1.0,54,48.0,0.0209606986899563,0.0,0.0,1,0,1,48.0,0.0209606986899563,0.0,0.0
0,1.0,55,21.0,0.0091703056768558,0.0,0.0,1,0,1,21.0,0.0091703056768558,0.0,0.0
0,1.0,57,6.0,0.0026200873362445,0.0,0.0,1,0,1,6.0,0.0026200873362445,0.0,0.0
0,1.0,64,2.0,0.0008733624454148,0.0,0.0,1,0,1,2.0,0.0008733624454148,0.0,0.0
1,1.0,66,0.0,0.0,0.0,0.0,1,0,1,0.0,0.0,0.0,0.0
0,1.0,71,0.0,0.0,0.0,0.0,1,0,1,0.0,0.0,0.0,0.0
0,1.0,89,2.0,0.0008733624454148,0.0,0.0,1,0,1,2.0,0.0008733624454148,0.0,0.0
0,1.0,47,956.0,0.0019248270474441,3.0,6.04025224093358e-06,0,0,0,0.0,0.0,0.0,0.0
0,1.0,53,0.0,0.0,0.0,0.0,1,0,1,0.0,0.0,0.0,0.0
0,1.0,69,0.0,0.0,0.0,0.0,1,0,1,0.0,0.0,0.0,0.0
0,1.0,55,132.0,0.0639225181598063,1.0,0.0004842615012106,1,0,1,132.0,0.0639225181598063,1.0,0.0004842615012106
0,1.0,56,18.0,0.0087167070217917,2.0,0.0009685230024213,1,0,1,18.0,0.0087167070217917,2.0,0.0009685230024213
0,1.0,56,18.0,0.0087167070217917,2.0,0.0009685230024213,1,0,1,18.0,0.0087167070217917,2.0,0.0009685230024213
1,1.0,56,18.0,0.0087167070217917,2.0,0.0009685230024213,1,0,1,18.0,0.0087167070217917,2.0,0.0009685230024213
1,1.0,56,18.0,0.0087167070217917,2.0,0.0009685230024213,1,0,1,18.0,0.0087167070217917,2.0,0.0009685230024213
1,1.0,56,18.0,0.0087167070217917,2.0,0.0009685230024213,1,0,1,18.0,0.0087167070217917,2.0,0.0009685230024213
0,1.0,56,18.0,0.0087167070217917,2.0,0.0009685230024213,1,0,1,18.0,0.0087167070217917,2.0,0.0009685230024213
0,1.0,58,0.0,0.0,0.0,0.0,1,0,1,0.0,0.0,0.0,0.0
0,1.0,58,0.0,0.0,0.0,0.0,1,0,1,0.0,0.0,0.0,0.0
0,1.0,58,0.0,0.0,0.0,0.0,1,0,1,0.0,0.0,0.0,0.0
0,1.0,58,0.0,0.0,0.0,0.0,1,0,1,0.0,0.0,0.0,0.0
0,1.0,58,0.0,0.0,0.0,0.0,1,0,1,0.0,0.0,0.0,0.0
0,1.0,58,0.0,0.0,0.0,0.0,1,0,1,0.0,0.0,0.0,0.0
0,1.0,58,0.0,0.0,0.0,0.0,1,0,1,0.0,0.0,0.0,0.0
0,1.0,59,0.0,0.0,1.0,0.0004842615012106,1,0,1,0.0,0.0,1.0,0.0004842615012106
0,1.0,59,0.0,0.0,1.0,0.0004842615012106,1,0,1,0.0,0.0,1.0,0.0004842615012106
0,1.0,59,0.0,0.0,1.0,0.0004842615012106,1,0,1,0.0,0.0,1.0,0.0004842615012106
0,1.0,60,0.0,0.0,0.0,0.0,1,0,1,0.0,0.0,0.0,0.0
0,1.0,60,0.0,0.0,0.0,0.0,1,0,1,0.0,0.0,0.0,0.0
0,1.0,60,0.0,0.0,0.0,0.0,1,0,1,0.0,0.0,0.0,0.0
0,1.0,60,0.0,0.0,0.0,0.0,1,0,1,0.0,0.0,0.0,0.0
0,1.0,60,0.0,0.0,0.0,0.0,1,0,1,0.0,0.0,0.0,0.0
0,1.0,60,0.0,0.0,0.0,0.0,1,0,1,0.0,0.0,0.0,0.0
0,1.0,63,0.0,0.0,0.0,0.0,1,0,1,0.0,0.0,0.0,0.0
0,1.0,68,0.0,0.0,0.0,0.0,1,0,1,0.0,0.0,0.0,0.0
0,1.0,55,24.0,0.0088691796008869,0.0,0.0,1,0,1,24.0,0.0088691796008869,0.0,0.0
0,1.0,56,20.0,0.0073909830007391,0.0,0.0,1,0,1,20.0,0.0073909830007391,0.0,0.0
0,1.0,56,20.0,0.0073909830007391,0.0,0.0,1,0,1,20.0,0.0073909830007391,0.0,0.0
0,1.0,57,23.0,0.0084996304508499,0.0,0.0,1,0,1,23.0,0.0084996304508499,0.0,0.0
0,1.0,57,23.0,0.0084996304508499,0.0,0.0,1,0,1,23.0,0.0084996304508499,0.0,0.0
1,1.0,57,23.0,0.0084996304508499,0.0,0.0,1,0,1,23.0,0.0084996304508499,0.0,0.0
0,1.0,57,23.0,0.0084996304508499,0.0,0.0,1,0,1,23.0,0.0084996304508499,0.0,0.0
0,1.0,57,23.0,0.0084996304508499,0.0,0.0,1,0,1,23.0,0.0084996304508499,0.0,0.0
0,1.0,57,23.0,0.0084996304508499,0.0,0.0,1,0,1,23.0,0.0084996304508499,0.0,0.0
0,1.0,58,23.0,0.0084996304508499,0.0,0.0,1,0,1,23.0,0.0084996304508499,0.0,0.0
0,1.0,58,23.0,0.0084996304508499,0.0,0.0,1,0,1,23.0,0.0084996304508499,0.0,0.0
0,1.0,60,5.0,0.0018477457501847,0.0,0.0,1,0,1,5.0,0.0018477457501847,0.0,0.0
0,1.0,60,5.0,0.0018477457501847,0.0,0.0,1,0,1,5.0,0.0018477457501847,0.0,0.0
0,1.0,62,1.0,0.0003695491500369,0.0,0.0,1,0,1,1.0,0.0003695491500369,0.0,0.0
0,1.0,64,0.0,0.0,0.0,0.0,1,0,1,0.0,0.0,0.0,0.0
0,1.0,65,0.0,0.0,0.0,0.0,1,0,1,0.0,0.0,0.0,0.0
0,1.0,66,0.0,0.0,0.0,0.0,1,0,1,0.0,0.0,0.0,0.0
0,1.0,56,6.0,0.0029311187103077,0.0,0.0,1,0,1,6.0,0.0029311187103077,0.0,0.0
0,1.0,56,6.0,0.0029311187103077,0.0,0.0,1,0,1,6.0,0.0029311187103077,0.0,0.0
0,1.0,60,0.0,0.0,0.0,0.0,1,0,1,0.0,0.0,0.0,0.0
0,1.0,60,0.0,0.0,0.0,0.0,1,0,1,0.0,0.0,0.0,0.0
0,1.0,60,0.0,0.0,0.0,0.0,1,0,1,0.0,0.0,0.0,0.0
0,1.0,62,0.0,0.0,0.0,0.0,1,0,1,0.0,0.0,0.0,0.0
0,1.0,63,0.0,0.0,0.0,0.0,1,0,1,0.0,0.0,0.0,0.0
0,1.0,63,0.0,0.0,0.0,0.0,1,0,1,0.0,0.0,0.0,0.0
0,1.0,57,1.0,0.000375939849624,0.0,0.0,1,0,1,1.0,0.000375939849624,0.0,0.0
0,1.0,58,1.0,0.000375939849624,0.0,0.0,1,0,1,1.0,0.000375939849624,0.0,0.0
0,1.0,58,1.0,0.000375939849624,0.0,0.0,1,0,1,1.0,0.000375939849624,0.0,0.0
0,1.0,58,1.0,0.000375939849624,0.0,0.0,1,0,1,1.0,0.000375939849624,0.0,0.0
0,1.0,59,1.0,0.000375939849624,0.0,0.0,1,0,1,1.0,0.000375939849624,0.0,0.0
0,1.0,60,0.0,0.0,0.0,0.0,1,0,1,0.0,0.0,0.0,0.0
1,1.0,60,0.0,0.0,0.0,0.0,1,0,1,0.0,0.0,0.0,0.0
1,1.0,60,0.0,0.0,0.0,0.0,1,0,1,0.0,0.0,0.0,0.0
0,1.0,60,0.0,0.0,0.0,0.0,1,0,1,0.0,0.0,0.0,0.0
0,1.0,62,0.0,0.0,0.0,0.0,1,0,1,0.0,0.0,0.0,0.0
1,1.0,62,0.0,0.0,0.0,0.0,1,0,1,0.0,0.0,0.0,0.0
0,1.0,63,0.0,0.0,0.0,0.0,1,0,1,0.0,0.0,0.0,0.0
0,1.0,64,4.0,0.0015037593984962,0.0,0.0,1,0,1,4.0,0.0015037593984962,0.0,0.0
0,1.0,64,4.0,0.0015037593984962,0.0,0.0,1,0,1,4.0,0.0015037593984962,0.0,0.0
1,1.0,58,2.0,0.0005264543300868,0.0,0.0,1,0,1,2.0,0.0005264543300868,0.0,0.0
0,1.0,58,1.0,0.0003079765937788,0.0,0.0,1,0,1,1.0,0.0003079765937788,0.0,0.0
0,1.0,59,7.0,0.0021558361564521,0.0,0.0,1,0,1,7.0,0.0021558361564521,0.0,0.0
0,1.0,60,0.0,0.0,0.0,0.0,1,0,1,0.0,0.0,0.0,0.0
0,1.0,60,0.0,0.0,0.0,0.0,1,0,1,0.0,0.0,0.0,0.0
0,1.0,60,0.0,0.0,0.0,0.0,1,0,1,0.0,0.0,0.0,0.0
0,1.0,61,2.0,0.0006159531875577,0.0,0.0,1,0,1,2.0,0.0006159531875577,0.0,0.0
0,1.0,61,2.0,0.0006159531875577,0.0,0.0,1,0,1,2.0,0.0006159531875577,0.0,0.0
0,1.0,63,0.0,0.0,0.0,0.0,1,0,1,0.0,0.0,0.0,0.0
0,1.0,63,0.0,0.0,0.0,0.0,1,0,1,0.0,0.0,0.0,0.0
0,1.0,64,0.0,0.0,0.0,0.0,1,0,1,0.0,0.0,0.0,0.0
1,1.0,64,0.0,0.0,0.0,0.0,1,0,1,0.0,0.0,0.0,0.0
0,1.0,65,0.0,0.0,0.0,0.0,1,0,1,0.0,0.0,0.0,0.0
0,1.0,65,0.0,0.0,0.0,0.0,1,0,1,0.0,0.0,0.0,0.0
1,1.0,65,0.0,0.0,0.0,0.0,1,0,1,0.0,0.0,0.0,0.0
1,1.0,67,0.0,0.0,0.0,0.0,1,0,1,0.0,0.0,0.0,0.0
0,1.0,67,0.0,0.0,0.0,0.0,1,0,1,0.0,0.0,0.0,0.0
0,1.0,69,0.0,0.0,0.0,0.0,1,0,1,0.0,0.0,0.0,0.0
0,1.0,69,0.0,0.0,0.0,0.0,1,0,1,0.0,0.0,0.0,0.0
0,1.0,59,848.0,0.0009145312326435,33.0,3.55890691948566e-05,1,0,1,848.0,0.0009145312326435,33.0,3.55890691948566e-05
0,1.0,59,848.0,0.0009145312326435,33.0,3.55890691948566e-05,1,0,1,848.0,0.0009145312326435,33.0,3.55890691948566e-05
0,1.0,59,848.0,0.0009145312326435,33.0,3.55890691948566e-05,1,0,1,848.0,0.0009145312326435,33.0,3.55890691948566e-05
0,1.0,68,235.0,0.000253437310933,3.0,3.23536992680515e-06,1,0,1,235.0,0.000253437310933,3.0,3.23536992680515e-06
1,1.0,59,10.0,0.0041893590280687,0.0,0.0,1,0,1,10.0,0.0041893590280687,0.0,0.0
0,1.0,60,0.0,0.0,0.0,0.0,1,0,1,0.0,0.0,0.0,0.0
0,1.0,61,0.0,0.0,0.0,0.0,1,0,1,0.0,0.0,0.0,0.0
0,1.0,62,0.0,0.0,0.0,0.0,1,0,1,0.0,0.0,0.0,0.0
1,1.0,63,1.0,0.0004189359028068,0.0,0.0,1,0,1,1.0,0.0004189359028068,0.0,0.0
0,1.0,59,16.0,0.0044198895027624,0.0,0.0,1,0,1,16.0,0.0044198895027624,0.0,0.0
0,1.0,60,15.0,0.0041436464088397,0.0,0.0,1,0,1,15.0,0.0041436464088397,0.0,0.0
0,1.0,60,15.0,0.0041436464088397,0.0,0.0,1,0,1,15.0,0.0041436464088397,0.0,0.0
0,1.0,60,15.0,0.0041436464088397,0.0,0.0,1,0,1,15.0,0.0041436464088397,0.0,0.0
1,1.0,60,15.0,0.0041436464088397,0.0,0.0,1,0,1,15.0,0.0041436464088397,0.0,0.0
0,1.0,61,4.0,0.0011049723756906,0.0,0.0,1,0,1,4.0,0.0011049723756906,0.0,0.0
0,1.0,63,2.0,0.0005524861878453,0.0,0.0,1,0,1,2.0,0.0005524861878453,0.0,0.0
0,1.0,63,2.0,0.0005524861878453,0.0,0.0,1,0,1,2.0,0.0005524861878453,0.0,0.0
0,1.0,63,2.0,0.0005524861878453,0.0,0.0,1,0,1,2.0,0.0005524861878453,0.0,0.0
0,1.0,65,0.0,0.0,0.0,0.0,1,0,1,0.0,0.0,0.0,0.0
0,1.0,68,1.0,0.0002762430939226,0.0,0.0,1,0,1,1.0,0.0002762430939226,0.0,0.0
0,1.0,62,0.0,0.0,0.0,0.0,1,0,1,0.0,0.0,0.0,0.0
0,1.0,62,0.0,0.0,0.0,0.0,1,0,1,0.0,0.0,0.0,0.0
0,1.0,63,1.0,0.0002344665885111,0.0,0.0,1,0,1,1.0,0.0002344665885111,0.0,0.0
0,1.0,63,1.0,0.0002344665885111,0.0,0.0,1,0,1,1.0,0.0002344665885111,0.0,0.0
0,1.0,63,1.0,0.0002344665885111,0.0,0.0,1,0,1,1.0,0.0002344665885111,0.0,0.0
0,1.0,63,1.0,0.0002344665885111,0.0,0.0,1,0,1,1.0,0.0002344665885111,0.0,0.0
0,1.0,68,1.0,0.0002344665885111,0.0,0.0,1,0,1,1.0,0.0002344665885111,0.0,0.0
0,1.0,63,0.0,0.0,0.0,0.0,1,0,1,0.0,0.0,0.0,0.0
0,1.0,66,0.0,0.0,0.0,0.0,1,0,1,0.0,0.0,0.0,0.0
0,1.0,68,0.0,0.0,0.0,0.0,1,0,1,0.0,0.0,0.0,0.0
0,1.0,68,0.0,0.0,0.0,0.0,1,0,1,0.0,0.0,0.0,0.0
0,1.0,68,0.0,0.0,0.0,0.0,1,0,1,0.0,0.0,0.0,0.0
0,1.0,68,0.0,0.0,0.0,0.0,1,0,1,0.0,0.0,0.0,0.0
0,1.0,68,0.0,0.0,0.0,0.0,1,0,1,0.0,0.0,0.0,0.0
0,1.0,68,0.0,0.0,0.0,0.0,1,0,1,0.0,0.0,0.0,0.0
0,1.0,68,0.0,0.0,0.0,0.0,1,0,1,0.0,0.0,0.0,0.0
0,1.0,69,0.0,0.0,0.0,0.0,1,0,1,0.0,0.0,0.0,0.0
0,1.0,69,0.0,0.0,0.0,0.0,1,0,1,0.0,0.0,0.0,0.0
0,1.0,69,0.0,0.0,0.0,0.0,1,0,1,0.0,0.0,0.0,0.0
1,1.0,69,0.0,0.0,0.0,0.0,1,0,1,0.0,0.0,0.0,0.0
0,1.0,72,0.0,0.0,0.0,0.0,1,0,1,0.0,0.0,0.0,0.0
0,1.0,63,1.0,0.0004428697962798,0.0,0.0,1,0,1,1.0,0.0004428697962798,0.0,0.0
0,1.0,63,1.0,0.0004428697962798,0.0,0.0,1,0,1,1.0,0.0004428697962798,0.0,0.0
1,1.0,63,1.0,0.0004428697962798,0.0,0.0,1,0,1,1.0,0.0004428697962798,0.0,0.0
0,1.0,63,1.0,0.0004428697962798,0.0,0.0,1,0,1,1.0,0.0004428697962798,0.0,0.0
0,1.0,65,1.0,0.0004428697962798,0.0,0.0,1,0,1,1.0,0.0004428697962798,0.0,0.0
0,1.0,68,2.0,0.0008857395925597,0.0,0.0,1,0,1,2.0,0.0008857395925597,0.0,0.0
0,1.0,90,2.0,0.0008857395925597,0.0,0.0,1,0,1,2.0,0.0008857395925597,0.0,0.0
0,1.0,64,0.0,0.0,0.0,0.0,1,0,1,0.0,0.0,0.0,0.0
0,1.0,69,0.0,0.0,0.0,0.0,1,0,1,0.0,0.0,0.0,0.0
0,1.0,69,0.0,0.0,0.0,0.0,1,0,1,0.0,0.0,0.0,0.0
0,1.0,69,0.0,0.0,0.0,0.0,1,0,1,0.0,0.0,0.0,0.0
0,1.0,69,0.0,0.0,0.0,0.0,1,0,1,0.0,0.0,0.0,0.0
0,1.0,69,0.0,0.0,0.0,0.0,1,0,1,0.0,0.0,0.0,0.0
0,1.0,69,0.0,0.0,0.0,0.0,1,0,1,0.0,0.0,0.0,0.0
0,1.0,69,0.0,0.0,0.0,0.0,1,0,1,0.0,0.0,0.0,0.0
0,1.0,69,0.0,0.0,0.0,0.0,1,0,1,0.0,0.0,0.0,0.0
0,1.0,69,0.0,0.0,0.0,0.0,1,0,1,0.0,0.0,0.0,0.0
0,1.0,69,0.0,0.0,0.0,0.0,1,0,1,0.0,0.0,0.0,0.0
0,1.0,71,1.0,0.0003483106931382,0.0,0.0,1,0,1,1.0,0.0003483106931382,0.0,0.0
0,1.0,71,1.0,0.0003483106931382,0.0,0.0,1,0,1,1.0,0.0003483106931382,0.0,0.0
0,1.0,71,1.0,0.0003483106931382,0.0,0.0,1,0,1,1.0,0.0003483106931382,0.0,0.0
1,1.0,67,643.0,0.0001991625262233,14.0,4.33635360361825e-06,0,0,0,0.0,0.0,0.0,0.0
0,1.0,67,643.0,0.0001991625262233,14.0,4.33635360361825e-06,0,0,0,0.0,0.0,0.0,0.0
0,1.0,67,643.0,0.0001991625262233,14.0,4.33635360361825e-06,0,0,0,0.0,0.0,0.0,0.0
0,1.0,68,560.0,0.0001734541441447,9.0,2.78765588804031e-06,0,0,0,0.0,0.0,0.0,0.0
0,1.0,68,560.0,0.0001734541441447,9.0,2.78765588804031e-06,0,0,0,0.0,0.0,0.0,0.0
0,1.0,68,560.0,0.0001734541441447,9.0,2.78765588804031e-06,0,0,0,0.0,0.0,0.0,0.0
0,1.0,68,560.0,0.0001734541441447,9.0,2.78765588804031e-06,0,0,0,0.0,0.0,0.0,0.0
0,1.0,69,481.0,0.0001489847202385,2.0,6.19479086231179e-07,0,0,0,0.0,0.0,0.0,0.0
0,1.0,71,329.0,0.000101904309685,9.0,2.78765588804031e-06,0,0,0,0.0,0.0,0.0,0.0
0,1.0,72,240.0,7.43374903477415e-05,2.0,6.19479086231179e-07,0,0,0,0.0,0.0,0.0,0.0
0,1.0,67,643.0,0.0001991625262233,14.0,4.33635360361825e-06,0,0,0,0.0,0.0,0.0,0.0
0,1.0,67,643.0,0.0001991625262233,14.0,4.33635360361825e-06,0,0,0,0.0,0.0,0.0,0.0
0,1.0,67,643.0,0.0001991625262233,14.0,4.33635360361825e-06,0,0,0,0.0,0.0,0.0,0.0
0,1.0,67,643.0,0.0001991625262233,14.0,4.33635360361825e-06,0,0,0,0.0,0.0,0.0,0.0
0,1.0,68,560.0,0.0001734541441447,9.0,2.78765588804031e-06,0,0,0,0.0,0.0,0.0,0.0
0,1.0,68,560.0,0.0001734541441447,9.0,2.78765588804031e-06,0,0,0,0.0,0.0,0.0,0.0
0,1.0,68,560.0,0.0001734541441447,9.0,2.78765588804031e-06,0,0,0,0.0,0.0,0.0,0.0
0,1.0,68,560.0,0.0001734541441447,9.0,2.78765588804031e-06,0,0,0,0.0,0.0,0.0,0.0
0,1.0,68,560.0,0.0001734541441447,9.0,2.78765588804031e-06,0,0,0,0.0,0.0,0.0,0.0
0,1.0,68,560.0,0.0001734541441447,9.0,2.78765588804031e-06,0,0,0,0.0,0.0,0.0,0.0
0,1.0,68,560.0,0.0001734541441447,9.0,2.78765588804031e-06,0,0,0,0.0,0.0,0.0,0.0
1,1.0,68,560.0,0.0001734541441447,9.0,2.78765588804031e-06,0,0,0,0.0,0.0,0.0,0.0
0,1.0,68,560.0,0.0001734541441447,9.0,2.78765588804031e-06,0,0,0,0.0,0.0,0.0,0.0
0,1.0,68,560.0,0.0001734541441447,9.0,2.78765588804031e-06,0,0,0,0.0,0.0,0.0,0.0
0,1.0,68,560.0,0.0001734541441447,9.0,2.78765588804031e-06,0,0,0,0.0,0.0,0.0,0.0
0,1.0,69,481.0,0.0001489847202385,2.0,6.19479086231179e-07,0,0,0,0.0,0.0,0.0,0.0
0,1.0,69,481.0,0.0001489847202385,2.0,6.19479086231179e-07,0,0,0,0.0,0.0,0.0,0.0
0,1.0,69,481.0,0.0001489847202385,2.0,6.19479086231179e-07,0,0,0,0.0,0.0,0.0,0.0
0,1.0,69,481.0,0.0001489847202385,2.0,6.19479086231179e-07,0,0,0,0.0,0.0,0.0,0.0
0,1.0,67,0.0,0.0,0.0,0.0,1,0,1,0.0,0.0,0.0,0.0
0,1.0,68,0.0,0.0,0.0,0.0,1,0,1,0.0,0.0,0.0,0.0
0,1.0,68,0.0,0.0,0.0,0.0,1,0,1,0.0,0.0,0.0,0.0
0,1.0,68,0.0,0.0,0.0,0.0,1,0,1,0.0,0.0,0.0,0.0
0,1.0,68,0.0,0.0,0.0,0.0,1,0,1,0.0,0.0,0.0,0.0
0,1.0,68,0.0,0.0,0.0,0.0,1,0,1,0.0,0.0,0.0,0.0
0,1.0,68,0.0,0.0,0.0,0.0,1,0,1,0.0,0.0,0.0,0.0
0,1.0,68,0.0,0.0,0.0,0.0,1,0,1,0.0,0.0,0.0,0.0
0,1.0,68,0.0,0.0,0.0,0.0,1,0,1,0.0,0.0,0.0,0.0
0,1.0,69,1.0,0.0005431830526887,0.0,0.0,1,0,1,1.0,0.0005431830526887,0.0,0.0
0,1.0,69,1.0,0.0005431830526887,0.0,0.0,1,0,1,1.0,0.0005431830526887,0.0,0.0
0,1.0,69,1.0,0.0005431830526887,0.0,0.0,1,0,1,1.0,0.0005431830526887,0.0,0.0
0,1.0,69,1.0,0.0005431830526887,0.0,0.0,1,0,1,1.0,0.0005431830526887,0.0,0.0
0,1.0,69,1.0,0.0005431830526887,0.0,0.0,1,0,1,1.0,0.0005431830526887,0.0,0.0
0,1.0,69,1.0,0.0005431830526887,0.0,0.0,1,0,1,1.0,0.0005431830526887,0.0,0.0
0,1.0,70,0.0,0.0,0.0,0.0,1,0,1,0.0,0.0,0.0,0.0
0,1.0,71,1.0,0.0005431830526887,0.0,0.0,1,0,1,1.0,0.0005431830526887,0.0,0.0
0,1.0,75,1.0,0.0005431830526887,0.0,0.0,1,0,1,1.0,0.0005431830526887,0.0,0.0
0,1.0,75,1.0,0.0005431830526887,0.0,0.0,1,0,1,1.0,0.0005431830526887,0.0,0.0
0,1.0,98,0.0,0.0,0.0,0.0,1,0,1,0.0,0.0,0.0,0.0
0,1.0,99,0.0,0.0,0.0,0.0,1,0,1,0.0,0.0,0.0,0.0
0,1.0,106,23.0,0.0124932102118414,0.0,0.0,1,0,1,23.0,0.0124932102118414,0.0,0.0
0,1.0,110,20.0,0.0108636610537751,0.0,0.0,1,0,1,20.0,0.0108636610537751,0.0,0.0
0,1.0,110,20.0,0.0108636610537751,0.0,0.0,1,0,1,20.0,0.0108636610537751,0.0,0.0
1,1.0,68,1.0,0.0006345177664974,0.0,0.0,1,0,1,1.0,0.0006345177664974,0.0,0.0
0,1.0,68,1.0,0.0006345177664974,0.0,0.0,1,0,1,1.0,0.0006345177664974,0.0,0.0
0,1.0,68,1.0,0.0006345177664974,0.0,0.0,1,0,1,1.0,0.0006345177664974,0.0,0.0
0,1.0,69,0.0,0.0,0.0,0.0,1,0,1,0.0,0.0,0.0,0.0
0,1.0,72,0.0,0.0,0.0,0.0,1,0,1,0.0,0.0,0.0,0.0
0,1.0,88,3.0,0.0019035532994923,0.0,0.0,1,0,1,3.0,0.0019035532994923,0.0,0.0
0,1.0,90,1.0,0.0006345177664974,0.0,0.0,1,0,1,1.0,0.0006345177664974,0.0,0.0
0,1.0,92,0.0,0.0,0.0,0.0,1,0,1,0.0,0.0,0.0,0.0
0,1.0,68,0.0,0.0,0.0,0.0,1,0,1,0.0,0.0,0.0,0.0
1,1.0,68,0.0,0.0,0.0,0.0,1,0,1,0.0,0.0,0.0,0.0
0,1.0,69,0.0,0.0,0.0,0.0,1,0,1,0.0,0.0,0.0,0.0
0,1.0,69,0.0,0.0,0.0,0.0,1,0,1,0.0,0.0,0.0,0.0
0,1.0,69,0.0,0.0,0.0,0.0,1,0,1,0.0,0.0,0.0,0.0
0,1.0,69,0.0,0.0,0.0,0.0,1,0,1,0.0,0.0,0.0,0.0
0,1.0,69,0.0,0.0,0.0,0.0,1,0,1,0.0,0.0,0.0,0.0
1,1.0,69,0.0,0.0,0.0,0.0,1,0,1,0.0,0.0,0.0,0.0
0,1.0,74,0.0,0.0,0.0,0.0,1,0,1,0.0,0.0,0.0,0.0
1,1.0,75,0.0,0.0,0.0,0.0,1,0,1,0.0,0.0,0.0,0.0
0,1.0,76,1.0,1.07845664226838e-06,0.0,0.0,1,0,1,1.0,1.07845664226838e-06,0.0,0.0
0,1.0,76,1.0,1.07845664226838e-06,0.0,0.0,1,0,1,1.0,1.07845664226838e-06,0.0,0.0
0,1.0,70,486.0,0.0002882757197105,5.0,2.96579958549985e-06,0,0,0,0.0,0.0,0.0,0.0
0,1.0,96,831.0,0.00049291589111,9.0,5.33843925389973e-06,0,0,0,0.0,0.0,0.0,0.0
0,1.0,97,820.0,0.0004863911320219,5.0,2.96579958549985e-06,0,0,0,0.0,0.0,0.0,0.0
0,1.0,98,855.0,0.0005071517291204,6.0,3.55895950259982e-06,0,0,0,0.0,0.0,0.0,0.0
0,1.0,101,1085.0,0.0006435785100534,7.0,4.15211941969979e-06,0,0,0,0.0,0.0,0.0,0.0
0,1.0,101,1085.0,0.0006435785100534,7.0,4.15211941969979e-06,0,0,0,0.0,0.0,0.0,0.0
0,1.0,106,26169.0,0.0155224018705891,29.0,1.72016375958991e-05,0,0,0,0.0,0.0,0.0,0.0
0,1.0,112,1431.0,0.00084881184137,14.0,8.30423883939958e-06,0,0,0,0.0,0.0,0.0,0.0
0,1.0,112,1431.0,0.00084881184137,14.0,8.30423883939958e-06,0,0,0,0.0,0.0,0.0,0.0
0,1.0,74,305.0,0.0001235745873925,1.0,4.05162581614938e-07,0,0,0,0.0,0.0,0.0,0.0
0,1.0,74,305.0,0.0001235745873925,1.0,4.05162581614938e-07,0,0,0,0.0,0.0,0.0,0.0
0,1.0,74,305.0,0.0001235745873925,1.0,4.05162581614938e-07,0,0,0,0.0,0.0,0.0,0.0
0,1.0,74,305.0,0.0001235745873925,1.0,4.05162581614938e-07,0,0,0,0.0,0.0,0.0,0.0
0,1.0,74,305.0,0.0001235745873925,1.0,4.05162581614938e-07,0,0,0,0.0,0.0,0.0,0.0
0,1.0,74,305.0,0.0001235745873925,1.0,4.05162581614938e-07,0,0,0,0.0,0.0,0.0,0.0
0,1.0,74,305.0,0.0001235745873925,1.0,4.05162581614938e-07,0,0,0,0.0,0.0,0.0,0.0
0,1.0,74,305.0,0.0001235745873925,1.0,4.05162581614938e-07,0,0,0,0.0,0.0,0.0,0.0
0,1.0,74,305.0,0.0001235745873925,1.0,4.05162581614938e-07,0,0,0,0.0,0.0,0.0,0.0
0,1.0,74,305.0,0.0001235745873925,1.0,4.05162581614938e-07,0,0,0,0.0,0.0,0.0,0.0
0,1.0,74,305.0,0.0001235745873925,1.0,4.05162581614938e-07,0,0,0,0.0,0.0,0.0,0.0
0,1.0,74,305.0,0.0001235745873925,1.0,4.05162581614938e-07,0,0,0,0.0,0.0,0.0,0.0
0,1.0,74,305.0,0.0001235745873925,1.0,4.05162581614938e-07,0,0,0,0.0,0.0,0.0,0.0
0,1.0,74,305.0,0.0001235745873925,1.0,4.05162581614938e-07,0,0,0,0.0,0.0,0.0,0.0
0,1.0,74,305.0,0.0001235745873925,1.0,4.05162581614938e-07,0,0,0,0.0,0.0,0.0,0.0
0,1.0,74,305.0,0.0001235745873925,1.0,4.05162581614938e-07,0,0,0,0.0,0.0,0.0,0.0
0,1.0,74,305.0,0.0001235745873925,1.0,4.05162581614938e-07,0,0,0,0.0,0.0,0.0,0.0
0,1.0,74,305.0,0.0001235745873925,1.0,4.05162581614938e-07,0,0,0,0.0,0.0,0.0,0.0
0,1.0,74,305.0,0.0001235745873925,1.0,4.05162581614938e-07,0,0,0,0.0,0.0,0.0,0.0
0,1.0,74,305.0,0.0001235745873925,1.0,4.05162581614938e-07,0,0,0,0.0,0.0,0.0,0.0
0,1.0,74,305.0,0.0001235745873925,1.0,4.05162581614938e-07,0,0,0,0.0,0.0,0.0,0.0
0,1.0,74,305.0,0.0001235745873925,1.0,4.05162581614938e-07,0,0,0,0.0,0.0,0.0,0.0
0,1.0,74,305.0,0.0001235745873925,1.0,4.05162581614938e-07,0,0,0,0.0,0.0,0.0,0.0
0,1.0,74,305.0,0.0001235745873925,1.0,4.05162581614938e-07,0,0,0,0.0,0.0,0.0,0.0
0,1.0,74,305.0,0.0001235745873925,1.0,4.05162581614938e-07,0,0,0,0.0,0.0,0.0,0.0
0,1.0,74,305.0,0.0001235745873925,1.0,4.05162581614938e-07,0,0,0,0.0,0.0,0.0,0.0
0,1.0,74,305.0,0.0001235745873925,1.0,4.05162581614938e-07,0,0,0,0.0,0.0,0.0,0.0
0,1.0,74,305.0,0.0001235745873925,1.0,4.05162581614938e-07,0,0,0,0.0,0.0,0.0,0.0
0,1.0,74,305.0,0.0001235745873925,1.0,4.05162581614938e-07,0,0,0,0.0,0.0,0.0,0.0
0,1.0,74,305.0,0.0001235745873925,1.0,4.05162581614938e-07,0,0,0,0.0,0.0,0.0,0.0
0,1.0,74,305.0,0.0001235745873925,1.0,4.05162581614938e-07,0,0,0,0.0,0.0,0.0,0.0
0,1.0,74,305.0,0.0001235745873925,1.0,4.05162581614938e-07,0,0,0,0.0,0.0,0.0,0.0
0,1.0,74,305.0,0.0001235745873925,1.0,4.05162581614938e-07,0,0,0,0.0,0.0,0.0,0.0
0,1.0,74,305.0,0.0001235745873925,1.0,4.05162581614938e-07,0,0,0,0.0,0.0,0.0,0.0
0,1.0,74,305.0,0.0001235745873925,1.0,4.05162581614938e-07,0,0,0,0.0,0.0,0.0,0.0
0,1.0,74,305.0,0.0001235745873925,1.0,4.05162581614938e-07,0,0,0,0.0,0.0,0.0,0.0
0,1.0,75,286.0,0.0001158764983418,5.0,2.02581290807469e-06,0,0,0,0.0,0.0,0.0,0.0
0,1.0,75,286.0,0.0001158764983418,5.0,2.02581290807469e-06,0,0,0,0.0,0.0,0.0,0.0
0,1.0,75,286.0,0.0001158764983418,5.0,2.02581290807469e-06,0,0,0,0.0,0.0,0.0,0.0
0,1.0,75,286.0,0.0001158764983418,5.0,2.02581290807469e-06,0,0,0,0.0,0.0,0.0,0.0
0,1.0,75,286.0,0.0001158764983418,5.0,2.02581290807469e-06,0,0,0,0.0,0.0,0.0,0.0
0,1.0,75,286.0,0.0001158764983418,5.0,2.02581290807469e-06,0,0,0,0.0,0.0,0.0,0.0
0,1.0,75,286.0,0.0001158764983418,5.0,2.02581290807469e-06,0,0,0,0.0,0.0,0.0,0.0
0,1.0,75,286.0,0.0001158764983418,5.0,2.02581290807469e-06,0,0,0,0.0,0.0,0.0,0.0
0,1.0,75,286.0,0.0001158764983418,5.0,2.02581290807469e-06,0,0,0,0.0,0.0,0.0,0.0
0,1.0,75,286.0,0.0001158764983418,5.0,2.02581290807469e-06,0,0,0,0.0,0.0,0.0,0.0
0,1.0,75,286.0,0.0001158764983418,5.0,2.02581290807469e-06,0,0,0,0.0,0.0,0.0,0.0
0,1.0,75,286.0,0.0001158764983418,5.0,2.02581290807469e-06,0,0,0,0.0,0.0,0.0,0.0
0,1.0,75,286.0,0.0001158764983418,5.0,2.02581290807469e-06,0,0,0,0.0,0.0,0.0,0.0
0,1.0,75,286.0,0.0001158764983418,5.0,2.02581290807469e-06,0,0,0,0.0,0.0,0.0,0.0
0,1.0,75,286.0,0.0001158764983418,5.0,2.02581290807469e-06,0,0,0,0.0,0.0,0.0,0.0
0,1.0,75,286.0,0.0001158764983418,5.0,2.02581290807469e-06,0,0,0,0.0,0.0,0.0,0.0
0,1.0,75,286.0,0.0001158764983418,5.0,2.02581290807469e-06,0,0,0,0.0,0.0,0.0,0.0
0,1.0,75,286.0,0.0001158764983418,5.0,2.02581290807469e-06,0,0,0,0.0,0.0,0.0,0.0
0,1.0,75,286.0,0.0001158764983418,5.0,2.02581290807469e-06,0,0,0,0.0,0.0,0.0,0.0
0,1.0,75,286.0,0.0001158764983418,5.0,2.02581290807469e-06,0,0,0,0.0,0.0,0.0,0.0
0,1.0,75,286.0,0.0001158764983418,5.0,2.02581290807469e-06,0,0,0,0.0,0.0,0.0,0.0
0,1.0,75,286.0,0.0001158764983418,5.0,2.02581290807469e-06,0,0,0,0.0,0.0,0.0,0.0
0,1.0,75,286.0,0.0001158764983418,5.0,2.02581290807469e-06,0,0,0,0.0,0.0,0.0,0.0
0,1.0,75,286.0,0.0001158764983418,5.0,2.02581290807469e-06,0,0,0,0.0,0.0,0.0,0.0
0,1.0,75,286.0,0.0001158764983418,5.0,2.02581290807469e-06,0,0,0,0.0,0.0,0.0,0.0
0,1.0,75,286.0,0.0001158764983418,5.0,2.02581290807469e-06,0,0,0,0.0,0.0,0.0,0.0
0,1.0,75,286.0,0.0001158764983418,5.0,2.02581290807469e-06,0,0,0,0.0,0.0,0.0,0.0
0,1.0,75,286.0,0.0001158764983418,5.0,2.02581290807469e-06,0,0,0,0.0,0.0,0.0,0.0
0,1.0,75,286.0,0.0001158764983418,5.0,2.02581290807469e-06,0,0,0,0.0,0.0,0.0,0.0
0,1.0,75,286.0,0.0001158764983418,5.0,2.02581290807469e-06,0,0,0,0.0,0.0,0.0,0.0
0,1.0,75,286.0,0.0001158764983418,5.0,2.02581290807469e-06,0,0,0,0.0,0.0,0.0,0.0
0,1.0,75,286.0,0.0001158764983418,5.0,2.02581290807469e-06,0,0,0,0.0,0.0,0.0,0.0
0,1.0,75,286.0,0.0001158764983418,5.0,2.02581290807469e-06,0,0,0,0.0,0.0,0.0,0.0
0,1.0,75,286.0,0.0001158764983418,5.0,2.02581290807469e-06,0,0,0,0.0,0.0,0.0,0.0
0,1.0,75,286.0,0.0001158764983418,5.0,2.02581290807469e-06,0,0,0,0.0,0.0,0.0,0.0
0,1.0,75,286.0,0.0001158764983418,5.0,2.02581290807469e-06,0,0,0,0.0,0.0,0.0,0.0
0,1.0,75,286.0,0.0001158764983418,5.0,2.02581290807469e-06,0,0,0,0.0,0.0,0.0,0.0
0,1.0,75,286.0,0.0001158764983418,5.0,2.02581290807469e-06,0,0,0,0.0,0.0,0.0,0.0
0,1.0,75,286.0,0.0001158764983418,5.0,2.02581290807469e-06,0,0,0,0.0,0.0,0.0,0.0
0,1.0,75,286.0,0.0001158764983418,5.0,2.02581290807469e-06,0,0,0,0.0,0.0,0.0,0.0
0,1.0,75,286.0,0.0001158764983418,5.0,2.02581290807469e-06,0,0,0,0.0,0.0,0.0,0.0
0,1.0,75,286.0,0.0001158764983418,5.0,2.02581290807469e-06,0,0,0,0.0,0.0,0.0,0.0
0,1.0,75,286.0,0.0001158764983418,5.0,2.02581290807469e-06,0,0,0,0.0,0.0,0.0,0.0
0,1.0,75,286.0,0.0001158764983418,5.0,2.02581290807469e-06,0,0,0,0.0,0.0,0.0,0.0
0,1.0,75,286.0,0.0001158764983418,5.0,2.02581290807469e-06,0,0,0,0.0,0.0,0.0,0.0
0,1.0,75,286.0,0.0001158764983418,5.0,2.02581290807469e-06,0,0,0,0.0,0.0,0.0,0.0
0,1.0,75,286.0,0.0001158764983418,5.0,2.02581290807469e-06,0,0,0,0.0,0.0,0.0,0.0
0,1.0,75,286.0,0.0001158764983418,5.0,2.02581290807469e-06,0,0,0,0.0,0.0,0.0,0.0
0,1.0,75,286.0,0.0001158764983418,5.0,2.02581290807469e-06,0,0,0,0.0,0.0,0.0,0.0
0,1.0,75,286.0,0.0001158764983418,5.0,2.02581290807469e-06,0,0,0,0.0,0.0,0.0,0.0
0,1.0,75,286.0,0.0001158764983418,5.0,2.02581290807469e-06,0,0,0,0.0,0.0,0.0,0.0
0,1.0,75,286.0,0.0001158764983418,5.0,2.02581290807469e-06,0,0,0,0.0,0.0,0.0,0.0
0,1.0,75,286.0,0.0001158764983418,5.0,2.02581290807469e-06,0,0,0,0.0,0.0,0.0,0.0
0,1.0,75,286.0,0.0001158764983418,5.0,2.02581290807469e-06,0,0,0,0.0,0.0,0.0,0.0
0,1.0,75,286.0,0.0001158764983418,5.0,2.02581290807469e-06,0,0,0,0.0,0.0,0.0,0.0
0,1.0,75,286.0,0.0001158764983418,5.0,2.02581290807469e-06,0,0,0,0.0,0.0,0.0,0.0
0,1.0,75,286.0,0.0001158764983418,5.0,2.02581290807469e-06,0,0,0,0.0,0.0,0.0,0.0
0,1.0,75,286.0,0.0001158764983418,5.0,2.02581290807469e-06,0,0,0,0.0,0.0,0.0,0.0
0,1.0,75,286.0,0.0001158764983418,5.0,2.02581290807469e-06,0,0,0,0.0,0.0,0.0,0.0
0,1.0,75,286.0,0.0001158764983418,5.0,2.02581290807469e-06,0,0,0,0.0,0.0,0.0,0.0
0,1.0,75,286.0,0.0001158764983418,5.0,2.02581290807469e-06,0,0,0,0.0,0.0,0.0,0.0
0,1.0,75,286.0,0.0001158764983418,5.0,2.02581290807469e-06,0,0,0,0.0,0.0,0.0,0.0
0,1.0,75,286.0,0.0001158764983418,5.0,2.02581290807469e-06,0,0,0,0.0,0.0,0.0,0.0
0,1.0,75,286.0,0.0001158764983418,5.0,2.02581290807469e-06,0,0,0,0.0,0.0,0.0,0.0
0,1.0,75,286.0,0.0001158764983418,5.0,2.02581290807469e-06,0,0,0,0.0,0.0,0.0,0.0
0,1.0,75,286.0,0.0001158764983418,5.0,2.02581290807469e-06,0,0,0,0.0,0.0,0.0,0.0
0,1.0,75,286.0,0.0001158764983418,5.0,2.02581290807469e-06,0,0,0,0.0,0.0,0.0,0.0
0,1.0,75,286.0,0.0001158764983418,5.0,2.02581290807469e-06,0,0,0,0.0,0.0,0.0,0.0
0,1.0,75,286.0,0.0001158764983418,5.0,2.02581290807469e-06,0,0,0,0.0,0.0,0.0,0.0
0,1.0,75,286.0,0.0001158764983418,5.0,2.02581290807469e-06,0,0,0,0.0,0.0,0.0,0.0
0,1.0,75,286.0,0.0001158764983418,5.0,2.02581290807469e-06,0,0,0,0.0,0.0,0.0,0.0
0,1.0,75,286.0,0.0001158764983418,5.0,2.02581290807469e-06,0,0,0,0.0,0.0,0.0,0.0
0,1.0,75,286.0,0.0001158764983418,5.0,2.02581290807469e-06,0,0,0,0.0,0.0,0.0,0.0
0,1.0,75,286.0,0.0001158764983418,5.0,2.02581290807469e-06,0,0,0,0.0,0.0,0.0,0.0
0,1.0,75,286.0,0.0001158764983418,5.0,2.02581290807469e-06,0,0,0,0.0,0.0,0.0,0.0
0,1.0,75,286.0,0.0001158764983418,5.0,2.02581290807469e-06,0,0,0,0.0,0.0,0.0,0.0
0,1.0,75,286.0,0.0001158764983418,5.0,2.02581290807469e-06,0,0,0,0.0,0.0,0.0,0.0
0,1.0,75,286.0,0.0001158764983418,5.0,2.02581290807469e-06,0,0,0,0.0,0.0,0.0,0.0
0,1.0,75,286.0,0.0001158764983418,5.0,2.02581290807469e-06,0,0,0,0.0,0.0,0.0,0.0
0,1.0,75,286.0,0.0001158764983418,5.0,2.02581290807469e-06,0,0,0,0.0,0.0,0.0,0.0
0,1.0,75,286.0,0.0001158764983418,5.0,2.02581290807469e-06,0,0,0,0.0,0.0,0.0,0.0
0,1.0,75,286.0,0.0001158764983418,5.0,2.02581290807469e-06,0,0,0,0.0,0.0,0.0,0.0
0,1.0,75,286.0,0.0001158764983418,5.0,2.02581290807469e-06,0,0,0,0.0,0.0,0.0,0.0
0,1.0,75,286.0,0.0001158764983418,5.0,2.02581290807469e-06,0,0,0,0.0,0.0,0.0,0.0
0,1.0,75,286.0,0.0001158764983418,5.0,2.02581290807469e-06,0,0,0,0.0,0.0,0.0,0.0
0,1.0,75,286.0,0.0001158764983418,5.0,2.02581290807469e-06,0,0,0,0.0,0.0,0.0,0.0
0,1.0,75,286.0,0.0001158764983418,5.0,2.02581290807469e-06,0,0,0,0.0,0.0,0.0,0.0
0,1.0,75,286.0,0.0001158764983418,5.0,2.02581290807469e-06,0,0,0,0.0,0.0,0.0,0.0
0,1.0,75,286.0,0.0001158764983418,5.0,2.02581290807469e-06,0,0,0,0.0,0.0,0.0,0.0
0,1.0,75,286.0,0.0001158764983418,5.0,2.02581290807469e-06,0,0,0,0.0,0.0,0.0,0.0
0,1.0,75,286.0,0.0001158764983418,5.0,2.02581290807469e-06,0,0,0,0.0,0.0,0.0,0.0
0,1.0,75,286.0,0.0001158764983418,5.0,2.02581290807469e-06,0,0,0,0.0,0.0,0.0,0.0
0,1.0,75,286.0,0.0001158764983418,5.0,2.02581290807469e-06,0,0,0,0.0,0.0,0.0,0.0
0,1.0,75,286.0,0.0001158764983418,5.0,2.02581290807469e-06,0,0,0,0.0,0.0,0.0,0.0
0,1.0,75,286.0,0.0001158764983418,5.0,2.02581290807469e-06,0,0,0,0.0,0.0,0.0,0.0
0,1.0,75,286.0,0.0001158764983418,5.0,2.02581290807469e-06,0,0,0,0.0,0.0,0.0,0.0
0,1.0,75,286.0,0.0001158764983418,5.0,2.02581290807469e-06,0,0,0,0.0,0.0,0.0,0.0
0,1.0,75,286.0,0.0001158764983418,5.0,2.02581290807469e-06,0,0,0,0.0,0.0,0.0,0.0
0,1.0,75,286.0,0.0001158764983418,5.0,2.02581290807469e-06,0,0,0,0.0,0.0,0.0,0.0
0,1.0,75,286.0,0.0001158764983418,5.0,2.02581290807469e-06,0,0,0,0.0,0.0,0.0,0.0
0,1.0,75,286.0,0.0001158764983418,5.0,2.02581290807469e-06,0,0,0,0.0,0.0,0.0,0.0
0,1.0,75,286.0,0.0001158764983418,5.0,2.02581290807469e-06,0,0,0,0.0,0.0,0.0,0.0
0,1.0,75,286.0,0.0001158764983418,5.0,2.02581290807469e-06,0,0,0,0.0,0.0,0.0,0.0
0,1.0,75,286.0,0.0001158764983418,5.0,2.02581290807469e-06,0,0,0,0.0,0.0,0.0,0.0
0,1.0,75,286.0,0.0001158764983418,5.0,2.02581290807469e-06,0,0,0,0.0,0.0,0.0,0.0
0,1.0,75,286.0,0.0001158764983418,5.0,2.02581290807469e-06,0,0,0,0.0,0.0,0.0,0.0
0,1.0,75,286.0,0.0001158764983418,5.0,2.02581290807469e-06,0,0,0,0.0,0.0,0.0,0.0
0,1.0,75,286.0,0.0001158764983418,5.0,2.02581290807469e-06,0,0,0,0.0,0.0,0.0,0.0
0,1.0,76,393.0,0.0001592288945746,3.0,1.21548774484481e-06,0,0,0,0.0,0.0,0.0,0.0
0,1.0,76,393.0,0.0001592288945746,3.0,1.21548774484481e-06,0,0,0,0.0,0.0,0.0,0.0
0,1.0,76,393.0,0.0001592288945746,3.0,1.21548774484481e-06,0,0,0,0.0,0.0,0.0,0.0
0,1.0,76,393.0,0.0001592288945746,3.0,1.21548774484481e-06,0,0,0,0.0,0.0,0.0,0.0
0,1.0,76,393.0,0.0001592288945746,3.0,1.21548774484481e-06,0,0,0,0.0,0.0,0.0,0.0
0,1.0,76,393.0,0.0001592288945746,3.0,1.21548774484481e-06,0,0,0,0.0,0.0,0.0,0.0
0,1.0,76,393.0,0.0001592288945746,3.0,1.21548774484481e-06,0,0,0,0.0,0.0,0.0,0.0
0,1.0,76,393.0,0.0001592288945746,3.0,1.21548774484481e-06,0,0,0,0.0,0.0,0.0,0.0
0,1.0,76,393.0,0.0001592288945746,3.0,1.21548774484481e-06,0,0,0,0.0,0.0,0.0,0.0
0,1.0,76,393.0,0.0001592288945746,3.0,1.21548774484481e-06,0,0,0,0.0,0.0,0.0,0.0
0,1.0,76,393.0,0.0001592288945746,3.0,1.21548774484481e-06,0,0,0,0.0,0.0,0.0,0.0
0,1.0,76,393.0,0.0001592288945746,3.0,1.21548774484481e-06,0,0,0,0.0,0.0,0.0,0.0
0,1.0,76,393.0,0.0001592288945746,3.0,1.21548774484481e-06,0,0,0,0.0,0.0,0.0,0.0
0,1.0,76,393.0,0.0001592288945746,3.0,1.21548774484481e-06,0,0,0,0.0,0.0,0.0,0.0
0,1.0,76,393.0,0.0001592288945746,3.0,1.21548774484481e-06,0,0,0,0.0,0.0,0.0,0.0
0,1.0,76,393.0,0.0001592288945746,3.0,1.21548774484481e-06,0,0,0,0.0,0.0,0.0,0.0
0,1.0,76,393.0,0.0001592288945746,3.0,1.21548774484481e-06,0,0,0,0.0,0.0,0.0,0.0
0,1.0,76,393.0,0.0001592288945746,3.0,1.21548774484481e-06,0,0,0,0.0,0.0,0.0,0.0
0,1.0,76,393.0,0.0001592288945746,3.0,1.21548774484481e-06,0,0,0,0.0,0.0,0.0,0.0
0,1.0,76,393.0,0.0001592288945746,3.0,1.21548774484481e-06,0,0,0,0.0,0.0,0.0,0.0
0,1.0,76,393.0,0.0001592288945746,3.0,1.21548774484481e-06,0,0,0,0.0,0.0,0.0,0.0
0,1.0,76,393.0,0.0001592288945746,3.0,1.21548774484481e-06,0,0,0,0.0,0.0,0.0,0.0
0,1.0,76,393.0,0.0001592288945746,3.0,1.21548774484481e-06,0,0,0,0.0,0.0,0.0,0.0
0,1.0,76,393.0,0.0001592288945746,3.0,1.21548774484481e-06,0,0,0,0.0,0.0,0.0,0.0
0,1.0,76,393.0,0.0001592288945746,3.0,1.21548774484481e-06,0,0,0,0.0,0.0,0.0,0.0
0,1.0,76,393.0,0.0001592288945746,3.0,1.21548774484481e-06,0,0,0,0.0,0.0,0.0,0.0
0,1.0,76,393.0,0.0001592288945746,3.0,1.21548774484481e-06,0,0,0,0.0,0.0,0.0,0.0
0,1.0,76,393.0,0.0001592288945746,3.0,1.21548774484481e-06,0,0,0,0.0,0.0,0.0,0.0
0,1.0,76,393.0,0.0001592288945746,3.0,1.21548774484481e-06,0,0,0,0.0,0.0,0.0,0.0
0,1.0,76,393.0,0.0001592288945746,3.0,1.21548774484481e-06,0,0,0,0.0,0.0,0.0,0.0
0,1.0,76,393.0,0.0001592288945746,3.0,1.21548774484481e-06,0,0,0,0.0,0.0,0.0,0.0
0,1.0,76,393.0,0.0001592288945746,3.0,1.21548774484481e-06,0,0,0,0.0,0.0,0.0,0.0
0,1.0,76,393.0,0.0001592288945746,3.0,1.21548774484481e-06,0,0,0,0.0,0.0,0.0,0.0
0,1.0,76,393.0,0.0001592288945746,3.0,1.21548774484481e-06,0,0,0,0.0,0.0,0.0,0.0
0,1.0,76,393.0,0.0001592288945746,3.0,1.21548774484481e-06,0,0,0,0.0,0.0,0.0,0.0
0,1.0,76,393.0,0.0001592288945746,3.0,1.21548774484481e-06,0,0,0,0.0,0.0,0.0,0.0
0,1.0,76,393.0,0.0001592288945746,3.0,1.21548774484481e-06,0,0,0,0.0,0.0,0.0,0.0
0,1.0,76,393.0,0.0001592288945746,3.0,1.21548774484481e-06,0,0,0,0.0,0.0,0.0,0.0
0,1.0,76,393.0,0.0001592288945746,3.0,1.21548774484481e-06,0,0,0,0.0,0.0,0.0,0.0
0,1.0,76,393.0,0.0001592288945746,3.0,1.21548774484481e-06,0,0,0,0.0,0.0,0.0,0.0
0,1.0,76,393.0,0.0001592288945746,3.0,1.21548774484481e-06,0,0,0,0.0,0.0,0.0,0.0
0,1.0,76,393.0,0.0001592288945746,3.0,1.21548774484481e-06,0,0,0,0.0,0.0,0.0,0.0
0,1.0,76,393.0,0.0001592288945746,3.0,1.21548774484481e-06,0,0,0,0.0,0.0,0.0,0.0
0,1.0,76,393.0,0.0001592288945746,3.0,1.21548774484481e-06,0,0,0,0.0,0.0,0.0,0.0
0,1.0,76,393.0,0.0001592288945746,3.0,1.21548774484481e-06,0,0,0,0.0,0.0,0.0,0.0
0,1.0,76,393.0,0.0001592288945746,3.0,1.21548774484481e-06,0,0,0,0.0,0.0,0.0,0.0
0,1.0,76,393.0,0.0001592288945746,3.0,1.21548774484481e-06,0,0,0,0.0,0.0,0.0,0.0
0,1.0,76,393.0,0.0001592288945746,3.0,1.21548774484481e-06,0,0,0,0.0,0.0,0.0,0.0
0,1.0,76,393.0,0.0001592288945746,3.0,1.21548774484481e-06,0,0,0,0.0,0.0,0.0,0.0
0,1.0,76,393.0,0.0001592288945746,3.0,1.21548774484481e-06,0,0,0,0.0,0.0,0.0,0.0
0,1.0,76,393.0,0.0001592288945746,3.0,1.21548774484481e-06,0,0,0,0.0,0.0,0.0,0.0
0,1.0,76,393.0,0.0001592288945746,3.0,1.21548774484481e-06,0,0,0,0.0,0.0,0.0,0.0
0,1.0,76,393.0,0.0001592288945746,3.0,1.21548774484481e-06,0,0,0,0.0,0.0,0.0,0.0
0,1.0,76,393.0,0.0001592288945746,3.0,1.21548774484481e-06,0,0,0,0.0,0.0,0.0,0.0
0,1.0,76,393.0,0.0001592288945746,3.0,1.21548774484481e-06,0,0,0,0.0,0.0,0.0,0.0
0,1.0,76,393.0,0.0001592288945746,3.0,1.21548774484481e-06,0,0,0,0.0,0.0,0.0,0.0
0,1.0,76,393.0,0.0001592288945746,3.0,1.21548774484481e-06,0,0,0,0.0,0.0,0.0,0.0
0,1.0,76,393.0,0.0001592288945746,3.0,1.21548774484481e-06,0,0,0,0.0,0.0,0.0,0.0
0,1.0,76,393.0,0.0001592288945746,3.0,1.21548774484481e-06,0,0,0,0.0,0.0,0.0,0.0
0,1.0,76,393.0,0.0001592288945746,3.0,1.21548774484481e-06,0,0,0,0.0,0.0,0.0,0.0
0,1.0,76,393.0,0.0001592288945746,3.0,1.21548774484481e-06,0,0,0,0.0,0.0,0.0,0.0
0,1.0,76,393.0,0.0001592288945746,3.0,1.21548774484481e-06,0,0,0,0.0,0.0,0.0,0.0
0,1.0,76,393.0,0.0001592288945746,3.0,1.21548774484481e-06,0,0,0,0.0,0.0,0.0,0.0
0,1.0,76,393.0,0.0001592288945746,3.0,1.21548774484481e-06,0,0,0,0.0,0.0,0.0,0.0
0,1.0,76,393.0,0.0001592288945746,3.0,1.21548774484481e-06,0,0,0,0.0,0.0,0.0,0.0
0,1.0,76,393.0,0.0001592288945746,3.0,1.21548774484481e-06,0,0,0,0.0,0.0,0.0,0.0
0,1.0,76,393.0,0.0001592288945746,3.0,1.21548774484481e-06,0,0,0,0.0,0.0,0.0,0.0
0,1.0,76,393.0,0.0001592288945746,3.0,1.21548774484481e-06,0,0,0,0.0,0.0,0.0,0.0
0,1.0,76,393.0,0.0001592288945746,3.0,1.21548774484481e-06,0,0,0,0.0,0.0,0.0,0.0
0,1.0,76,393.0,0.0001592288945746,3.0,1.21548774484481e-06,0,0,0,0.0,0.0,0.0,0.0
0,1.0,76,393.0,0.0001592288945746,3.0,1.21548774484481e-06,0,0,0,0.0,0.0,0.0,0.0
0,1.0,76,393.0,0.0001592288945746,3.0,1.21548774484481e-06,0,0,0,0.0,0.0,0.0,0.0
0,1.0,76,393.0,0.0001592288945746,3.0,1.21548774484481e-06,0,0,0,0.0,0.0,0.0,0.0
0,1.0,76,393.0,0.0001592288945746,3.0,1.21548774484481e-06,0,0,0,0.0,0.0,0.0,0.0
0,1.0,76,393.0,0.0001592288945746,3.0,1.21548774484481e-06,0,0,0,0.0,0.0,0.0,0.0
0,1.0,76,393.0,0.0001592288945746,3.0,1.21548774484481e-06,0,0,0,0.0,0.0,0.0,0.0
0,1.0,76,393.0,0.0001592288945746,3.0,1.21548774484481e-06,0,0,0,0.0,0.0,0.0,0.0
0,1.0,76,393.0,0.0001592288945746,3.0,1.21548774484481e-06,0,0,0,0.0,0.0,0.0,0.0
0,1.0,76,393.0,0.0001592288945746,3.0,1.21548774484481e-06,0,0,0,0.0,0.0,0.0,0.0
0,1.0,76,393.0,0.0001592288945746,3.0,1.21548774484481e-06,0,0,0,0.0,0.0,0.0,0.0
0,1.0,76,393.0,0.0001592288945746,3.0,1.21548774484481e-06,0,0,0,0.0,0.0,0.0,0.0
0,1.0,76,393.0,0.0001592288945746,3.0,1.21548774484481e-06,0,0,0,0.0,0.0,0.0,0.0
0,1.0,76,393.0,0.0001592288945746,3.0,1.21548774484481e-06,0,0,0,0.0,0.0,0.0,0.0
0,1.0,76,393.0,0.0001592288945746,3.0,1.21548774484481e-06,0,0,0,0.0,0.0,0.0,0.0
0,1.0,76,393.0,0.0001592288945746,3.0,1.21548774484481e-06,0,0,0,0.0,0.0,0.0,0.0
0,1.0,76,393.0,0.0001592288945746,3.0,1.21548774484481e-06,0,0,0,0.0,0.0,0.0,0.0
0,1.0,76,393.0,0.0001592288945746,3.0,1.21548774484481e-06,0,0,0,0.0,0.0,0.0,0.0
0,1.0,76,393.0,0.0001592288945746,3.0,1.21548774484481e-06,0,0,0,0.0,0.0,0.0,0.0
0,1.0,76,393.0,0.0001592288945746,3.0,1.21548774484481e-06,0,0,0,0.0,0.0,0.0,0.0
0,1.0,76,393.0,0.0001592288945746,3.0,1.21548774484481e-06,0,0,0,0.0,0.0,0.0,0.0
0,1.0,76,393.0,0.0001592288945746,3.0,1.21548774484481e-06,0,0,0,0.0,0.0,0.0,0.0
0,1.0,76,393.0,0.0001592288945746,3.0,1.21548774484481e-06,0,0,0,0.0,0.0,0.0,0.0
0,1.0,76,393.0,0.0001592288945746,3.0,1.21548774484481e-06,0,0,0,0.0,0.0,0.0,0.0
0,1.0,76,393.0,0.0001592288945746,3.0,1.21548774484481e-06,0,0,0,0.0,0.0,0.0,0.0
0,1.0,76,393.0,0.0001592288945746,3.0,1.21548774484481e-06,0,0,0,0.0,0.0,0.0,0.0
0,1.0,76,393.0,0.0001592288945746,3.0,1.21548774484481e-06,0,0,0,0.0,0.0,0.0,0.0
0,1.0,76,393.0,0.0001592288945746,3.0,1.21548774484481e-06,0,0,0,0.0,0.0,0.0,0.0
0,1.0,76,393.0,0.0001592288945746,3.0,1.21548774484481e-06,0,0,0,0.0,0.0,0.0,0.0
0,1.0,76,393.0,0.0001592288945746,3.0,1.21548774484481e-06,0,0,0,0.0,0.0,0.0,0.0
0,1.0,76,393.0,0.0001592288945746,3.0,1.21548774484481e-06,0,0,0,0.0,0.0,0.0,0.0
0,1.0,76,393.0,0.0001592288945746,3.0,1.21548774484481e-06,0,0,0,0.0,0.0,0.0,0.0
0,1.0,76,393.0,0.0001592288945746,3.0,1.21548774484481e-06,0,0,0,0.0,0.0,0.0,0.0
0,1.0,76,393.0,0.0001592288945746,3.0,1.21548774484481e-06,0,0,0,0.0,0.0,0.0,0.0
0,1.0,76,393.0,0.0001592288945746,3.0,1.21548774484481e-06,0,0,0,0.0,0.0,0.0,0.0
0,1.0,76,393.0,0.0001592288945746,3.0,1.21548774484481e-06,0,0,0,0.0,0.0,0.0,0.0
0,1.0,76,393.0,0.0001592288945746,3.0,1.21548774484481e-06,0,0,0,0.0,0.0,0.0,0.0
0,1.0,76,393.0,0.0001592288945746,3.0,1.21548774484481e-06,0,0,0,0.0,0.0,0.0,0.0
0,1.0,76,393.0,0.0001592288945746,3.0,1.21548774484481e-06,0,0,0,0.0,0.0,0.0,0.0
0,1.0,74,305.0,0.0001235745873925,1.0,4.05162581614938e-07,0,0,0,0.0,0.0,0.0,0.0
0,1.0,74,305.0,0.0001235745873925,1.0,4.05162581614938e-07,0,0,0,0.0,0.0,0.0,0.0
0,1.0,74,305.0,0.0001235745873925,1.0,4.05162581614938e-07,0,0,0,0.0,0.0,0.0,0.0
0,1.0,74,305.0,0.0001235745873925,1.0,4.05162581614938e-07,0,0,0,0.0,0.0,0.0,0.0
0,1.0,74,305.0,0.0001235745873925,1.0,4.05162581614938e-07,0,0,0,0.0,0.0,0.0,0.0
0,1.0,74,305.0,0.0001235745873925,1.0,4.05162581614938e-07,0,0,0,0.0,0.0,0.0,0.0
0,1.0,74,305.0,0.0001235745873925,1.0,4.05162581614938e-07,0,0,0,0.0,0.0,0.0,0.0
0,1.0,74,305.0,0.0001235745873925,1.0,4.05162581614938e-07,0,0,0,0.0,0.0,0.0,0.0
0,1.0,74,305.0,0.0001235745873925,1.0,4.05162581614938e-07,0,0,0,0.0,0.0,0.0,0.0
0,1.0,74,305.0,0.0001235745873925,1.0,4.05162581614938e-07,0,0,0,0.0,0.0,0.0,0.0
0,1.0,74,305.0,0.0001235745873925,1.0,4.05162581614938e-07,0,0,0,0.0,0.0,0.0,0.0
0,1.0,74,305.0,0.0001235745873925,1.0,4.05162581614938e-07,0,0,0,0.0,0.0,0.0,0.0
0,1.0,74,305.0,0.0001235745873925,1.0,4.05162581614938e-07,0,0,0,0.0,0.0,0.0,0.0
0,1.0,74,305.0,0.0001235745873925,1.0,4.05162581614938e-07,0,0,0,0.0,0.0,0.0,0.0
0,1.0,74,305.0,0.0001235745873925,1.0,4.05162581614938e-07,0,0,0,0.0,0.0,0.0,0.0
0,1.0,74,305.0,0.0001235745873925,1.0,4.05162581614938e-07,0,0,0,0.0,0.0,0.0,0.0
0,1.0,74,305.0,0.0001235745873925,1.0,4.05162581614938e-07,0,0,0,0.0,0.0,0.0,0.0
0,1.0,74,305.0,0.0001235745873925,1.0,4.05162581614938e-07,0,0,0,0.0,0.0,0.0,0.0
0,1.0,74,305.0,0.0001235745873925,1.0,4.05162581614938e-07,0,0,0,0.0,0.0,0.0,0.0
0,1.0,74,305.0,0.0001235745873925,1.0,4.05162581614938e-07,0,0,0,0.0,0.0,0.0,0.0
0,1.0,74,305.0,0.0001235745873925,1.0,4.05162581614938e-07,0,0,0,0.0,0.0,0.0,0.0
0,1.0,74,305.0,0.0001235745873925,1.0,4.05162581614938e-07,0,0,0,0.0,0.0,0.0,0.0
0,1.0,74,305.0,0.0001235745873925,1.0,4.05162581614938e-07,0,0,0,0.0,0.0,0.0,0.0
0,1.0,74,305.0,0.0001235745873925,1.0,4.05162581614938e-07,0,0,0,0.0,0.0,0.0,0.0
0,1.0,74,305.0,0.0001235745873925,1.0,4.05162581614938e-07,0,0,0,0.0,0.0,0.0,0.0
0,1.0,74,305.0,0.0001235745873925,1.0,4.05162581614938e-07,0,0,0,0.0,0.0,0.0,0.0
0,1.0,74,305.0,0.0001235745873925,1.0,4.05162581614938e-07,0,0,0,0.0,0.0,0.0,0.0
0,1.0,74,305.0,0.0001235745873925,1.0,4.05162581614938e-07,0,0,0,0.0,0.0,0.0,0.0
0,1.0,74,305.0,0.0001235745873925,1.0,4.05162581614938e-07,0,0,0,0.0,0.0,0.0,0.0
0,1.0,74,305.0,0.0001235745873925,1.0,4.05162581614938e-07,0,0,0,0.0,0.0,0.0,0.0
0,1.0,74,305.0,0.0001235745873925,1.0,4.05162581614938e-07,0,0,0,0.0,0.0,0.0,0.0
0,1.0,74,305.0,0.0001235745873925,1.0,4.05162581614938e-07,0,0,0,0.0,0.0,0.0,0.0
0,1.0,74,305.0,0.0001235745873925,1.0,4.05162581614938e-07,0,0,0,0.0,0.0,0.0,0.0
0,1.0,74,305.0,0.0001235745873925,1.0,4.05162581614938e-07,0,0,0,0.0,0.0,0.0,0.0
0,1.0,74,305.0,0.0001235745873925,1.0,4.05162581614938e-07,0,0,0,0.0,0.0,0.0,0.0
0,1.0,74,305.0,0.0001235745873925,1.0,4.05162581614938e-07,0,0,0,0.0,0.0,0.0,0.0
0,1.0,74,305.0,0.0001235745873925,1.0,4.05162581614938e-07,0,0,0,0.0,0.0,0.0,0.0
0,1.0,74,305.0,0.0001235745873925,1.0,4.05162581614938e-07,0,0,0,0.0,0.0,0.0,0.0
0,1.0,74,305.0,0.0001235745873925,1.0,4.05162581614938e-07,0,0,0,0.0,0.0,0.0,0.0
0,1.0,74,305.0,0.0001235745873925,1.0,4.05162581614938e-07,0,0,0,0.0,0.0,0.0,0.0
0,1.0,74,305.0,0.0001235745873925,1.0,4.05162581614938e-07,0,0,0,0.0,0.0,0.0,0.0
0,1.0,74,305.0,0.0001235745873925,1.0,4.05162581614938e-07,0,0,0,0.0,0.0,0.0,0.0
0,1.0,74,305.0,0.0001235745873925,1.0,4.05162581614938e-07,0,0,0,0.0,0.0,0.0,0.0
0,1.0,74,305.0,0.0001235745873925,1.0,4.05162581614938e-07,0,0,0,0.0,0.0,0.0,0.0
0,1.0,74,305.0,0.0001235745873925,1.0,4.05162581614938e-07,0,0,0,0.0,0.0,0.0,0.0
0,1.0,74,305.0,0.0001235745873925,1.0,4.05162581614938e-07,0,0,0,0.0,0.0,0.0,0.0
0,1.0,74,305.0,0.0001235745873925,1.0,4.05162581614938e-07,0,0,0,0.0,0.0,0.0,0.0
0,1.0,74,305.0,0.0001235745873925,1.0,4.05162581614938e-07,0,0,0,0.0,0.0,0.0,0.0
0,1.0,74,305.0,0.0001235745873925,1.0,4.05162581614938e-07,0,0,0,0.0,0.0,0.0,0.0
0,1.0,74,305.0,0.0001235745873925,1.0,4.05162581614938e-07,0,0,0,0.0,0.0,0.0,0.0
0,1.0,74,305.0,0.0001235745873925,1.0,4.05162581614938e-07,0,0,0,0.0,0.0,0.0,0.0
0,1.0,74,305.0,0.0001235745873925,1.0,4.05162581614938e-07,0,0,0,0.0,0.0,0.0,0.0
0,1.0,74,305.0,0.0001235745873925,1.0,4.05162581614938e-07,0,0,0,0.0,0.0,0.0,0.0
0,1.0,74,305.0,0.0001235745873925,1.0,4.05162581614938e-07,0,0,0,0.0,0.0,0.0,0.0
0,1.0,74,305.0,0.0001235745873925,1.0,4.05162581614938e-07,0,0,0,0.0,0.0,0.0,0.0
0,1.0,74,305.0,0.0001235745873925,1.0,4.05162581614938e-07,0,0,0,0.0,0.0,0.0,0.0
0,1.0,74,305.0,0.0001235745873925,1.0,4.05162581614938e-07,0,0,0,0.0,0.0,0.0,0.0
0,1.0,74,305.0,0.0001235745873925,1.0,4.05162581614938e-07,0,0,0,0.0,0.0,0.0,0.0
0,1.0,74,305.0,0.0001235745873925,1.0,4.05162581614938e-07,0,0,0,0.0,0.0,0.0,0.0
0,1.0,74,305.0,0.0001235745873925,1.0,4.05162581614938e-07,0,0,0,0.0,0.0,0.0,0.0
0,1.0,74,305.0,0.0001235745873925,1.0,4.05162581614938e-07,0,0,0,0.0,0.0,0.0,0.0
0,1.0,74,305.0,0.0001235745873925,1.0,4.05162581614938e-07,0,0,0,0.0,0.0,0.0,0.0
0,1.0,74,305.0,0.0001235745873925,1.0,4.05162581614938e-07,0,0,0,0.0,0.0,0.0,0.0
0,1.0,74,305.0,0.0001235745873925,1.0,4.05162581614938e-07,0,0,0,0.0,0.0,0.0,0.0
0,1.0,74,305.0,0.0001235745873925,1.0,4.05162581614938e-07,0,0,0,0.0,0.0,0.0,0.0
0,1.0,74,305.0,0.0001235745873925,1.0,4.05162581614938e-07,0,0,0,0.0,0.0,0.0,0.0
0,1.0,74,305.0,0.0001235745873925,1.0,4.05162581614938e-07,0,0,0,0.0,0.0,0.0,0.0
0,1.0,74,305.0,0.0001235745873925,1.0,4.05162581614938e-07,0,0,0,0.0,0.0,0.0,0.0
0,1.0,74,305.0,0.0001235745873925,1.0,4.05162581614938e-07,0,0,0,0.0,0.0,0.0,0.0
0,1.0,74,305.0,0.0001235745873925,1.0,4.05162581614938e-07,0,0,0,0.0,0.0,0.0,0.0
0,1.0,74,305.0,0.0001235745873925,1.0,4.05162581614938e-07,0,0,0,0.0,0.0,0.0,0.0
0,1.0,74,305.0,0.0001235745873925,1.0,4.05162581614938e-07,0,0,0,0.0,0.0,0.0,0.0
0,1.0,74,305.0,0.0001235745873925,1.0,4.05162581614938e-07,0,0,0,0.0,0.0,0.0,0.0
0,1.0,74,305.0,0.0001235745873925,1.0,4.05162581614938e-07,0,0,0,0.0,0.0,0.0,0.0
0,1.0,74,305.0,0.0001235745873925,1.0,4.05162581614938e-07,0,0,0,0.0,0.0,0.0,0.0
0,1.0,74,305.0,0.0001235745873925,1.0,4.05162581614938e-07,0,0,0,0.0,0.0,0.0,0.0
0,1.0,74,305.0,0.0001235745873925,1.0,4.05162581614938e-07,0,0,0,0.0,0.0,0.0,0.0
0,1.0,74,305.0,0.0001235745873925,1.0,4.05162581614938e-07,0,0,0,0.0,0.0,0.0,0.0
0,1.0,74,305.0,0.0001235745873925,1.0,4.05162581614938e-07,0,0,0,0.0,0.0,0.0,0.0
0,1.0,74,305.0,0.0001235745873925,1.0,4.05162581614938e-07,0,0,0,0.0,0.0,0.0,0.0
0,1.0,74,305.0,0.0001235745873925,1.0,4.05162581614938e-07,0,0,0,0.0,0.0,0.0,0.0
0,1.0,74,305.0,0.0001235745873925,1.0,4.05162581614938e-07,0,0,0,0.0,0.0,0.0,0.0
0,1.0,74,305.0,0.0001235745873925,1.0,4.05162581614938e-07,0,0,0,0.0,0.0,0.0,0.0
0,1.0,74,305.0,0.0001235745873925,1.0,4.05162581614938e-07,0,0,0,0.0,0.0,0.0,0.0
0,1.0,74,305.0,0.0001235745873925,1.0,4.05162581614938e-07,0,0,0,0.0,0.0,0.0,0.0
0,1.0,74,305.0,0.0001235745873925,1.0,4.05162581614938e-07,0,0,0,0.0,0.0,0.0,0.0
0,1.0,74,305.0,0.0001235745873925,1.0,4.05162581614938e-07,0,0,0,0.0,0.0,0.0,0.0
0,1.0,74,305.0,0.0001235745873925,1.0,4.05162581614938e-07,0,0,0,0.0,0.0,0.0,0.0
0,1.0,74,305.0,0.0001235745873925,1.0,4.05162581614938e-07,0,0,0,0.0,0.0,0.0,0.0
0,1.0,74,305.0,0.0001235745873925,1.0,4.05162581614938e-07,0,0,0,0.0,0.0,0.0,0.0
0,1.0,74,305.0,0.0001235745873925,1.0,4.05162581614938e-07,0,0,0,0.0,0.0,0.0,0.0
0,1.0,74,305.0,0.0001235745873925,1.0,4.05162581614938e-07,0,0,0,0.0,0.0,0.0,0.0
0,1.0,74,305.0,0.0001235745873925,1.0,4.05162581614938e-07,0,0,0,0.0,0.0,0.0,0.0
0,1.0,74,305.0,0.0001235745873925,1.0,4.05162581614938e-07,0,0,0,0.0,0.0,0.0,0.0
0,1.0,74,305.0,0.0001235745873925,1.0,4.05162581614938e-07,0,0,0,0.0,0.0,0.0,0.0
0,1.0,74,305.0,0.0001235745873925,1.0,4.05162581614938e-07,0,0,0,0.0,0.0,0.0,0.0
0,1.0,74,305.0,0.0001235745873925,1.0,4.05162581614938e-07,0,0,0,0.0,0.0,0.0,0.0
0,1.0,74,305.0,0.0001235745873925,1.0,4.05162581614938e-07,0,0,0,0.0,0.0,0.0,0.0
0,1.0,74,305.0,0.0001235745873925,1.0,4.05162581614938e-07,0,0,0,0.0,0.0,0.0,0.0
0,1.0,74,305.0,0.0001235745873925,1.0,4.05162581614938e-07,0,0,0,0.0,0.0,0.0,0.0
0,1.0,74,305.0,0.0001235745873925,1.0,4.05162581614938e-07,0,0,0,0.0,0.0,0.0,0.0
0,1.0,74,305.0,0.0001235745873925,1.0,4.05162581614938e-07,0,0,0,0.0,0.0,0.0,0.0
0,1.0,74,305.0,0.0001235745873925,1.0,4.05162581614938e-07,0,0,0,0.0,0.0,0.0,0.0
0,1.0,74,305.0,0.0001235745873925,1.0,4.05162581614938e-07,0,0,0,0.0,0.0,0.0,0.0
0,1.0,74,305.0,0.0001235745873925,1.0,4.05162581614938e-07,0,0,0,0.0,0.0,0.0,0.0
0,1.0,74,305.0,0.0001235745873925,1.0,4.05162581614938e-07,0,0,0,0.0,0.0,0.0,0.0
0,1.0,74,305.0,0.0001235745873925,1.0,4.05162581614938e-07,0,0,0,0.0,0.0,0.0,0.0
0,1.0,74,305.0,0.0001235745873925,1.0,4.05162581614938e-07,0,0,0,0.0,0.0,0.0,0.0
0,1.0,74,305.0,0.0001235745873925,1.0,4.05162581614938e-07,0,0,0,0.0,0.0,0.0,0.0
0,1.0,74,305.0,0.0001235745873925,1.0,4.05162581614938e-07,0,0,0,0.0,0.0,0.0,0.0
0,1.0,74,305.0,0.0001235745873925,1.0,4.05162581614938e-07,0,0,0,0.0,0.0,0.0,0.0
0,1.0,74,305.0,0.0001235745873925,1.0,4.05162581614938e-07,0,0,0,0.0,0.0,0.0,0.0
0,1.0,74,305.0,0.0001235745873925,1.0,4.05162581614938e-07,0,0,0,0.0,0.0,0.0,0.0
0,1.0,74,305.0,0.0001235745873925,1.0,4.05162581614938e-07,0,0,0,0.0,0.0,0.0,0.0
0,1.0,74,305.0,0.0001235745873925,1.0,4.05162581614938e-07,0,0,0,0.0,0.0,0.0,0.0
0,1.0,74,305.0,0.0001235745873925,1.0,4.05162581614938e-07,0,0,0,0.0,0.0,0.0,0.0
0,1.0,74,305.0,0.0001235745873925,1.0,4.05162581614938e-07,0,0,0,0.0,0.0,0.0,0.0
0,1.0,74,305.0,0.0001235745873925,1.0,4.05162581614938e-07,0,0,0,0.0,0.0,0.0,0.0
0,1.0,74,305.0,0.0001235745873925,1.0,4.05162581614938e-07,0,0,0,0.0,0.0,0.0,0.0
0,1.0,74,305.0,0.0001235745873925,1.0,4.05162581614938e-07,0,0,0,0.0,0.0,0.0,0.0
0,1.0,74,305.0,0.0001235745873925,1.0,4.05162581614938e-07,0,0,0,0.0,0.0,0.0,0.0
0,1.0,74,305.0,0.0001235745873925,1.0,4.05162581614938e-07,0,0,0,0.0,0.0,0.0,0.0
0,1.0,74,305.0,0.0001235745873925,1.0,4.05162581614938e-07,0,0,0,0.0,0.0,0.0,0.0
0,1.0,74,305.0,0.0001235745873925,1.0,4.05162581614938e-07,0,0,0,0.0,0.0,0.0,0.0
0,1.0,74,305.0,0.0001235745873925,1.0,4.05162581614938e-07,0,0,0,0.0,0.0,0.0,0.0
0,1.0,74,305.0,0.0001235745873925,1.0,4.05162581614938e-07,0,0,0,0.0,0.0,0.0,0.0
0,1.0,74,305.0,0.0001235745873925,1.0,4.05162581614938e-07,0,0,0,0.0,0.0,0.0,0.0
0,1.0,74,305.0,0.0001235745873925,1.0,4.05162581614938e-07,0,0,0,0.0,0.0,0.0,0.0
0,1.0,74,305.0,0.0001235745873925,1.0,4.05162581614938e-07,0,0,0,0.0,0.0,0.0,0.0
0,1.0,74,305.0,0.0001235745873925,1.0,4.05162581614938e-07,0,0,0,0.0,0.0,0.0,0.0
0,1.0,74,305.0,0.0001235745873925,1.0,4.05162581614938e-07,0,0,0,0.0,0.0,0.0,0.0
0,1.0,74,305.0,0.0001235745873925,1.0,4.05162581614938e-07,0,0,0,0.0,0.0,0.0,0.0
0,1.0,74,305.0,0.0001235745873925,1.0,4.05162581614938e-07,0,0,0,0.0,0.0,0.0,0.0
0,1.0,74,305.0,0.0001235745873925,1.0,4.05162581614938e-07,0,0,0,0.0,0.0,0.0,0.0
0,1.0,74,305.0,0.0001235745873925,1.0,4.05162581614938e-07,0,0,0,0.0,0.0,0.0,0.0
0,1.0,74,305.0,0.0001235745873925,1.0,4.05162581614938e-07,0,0,0,0.0,0.0,0.0,0.0
0,1.0,74,305.0,0.0001235745873925,1.0,4.05162581614938e-07,0,0,0,0.0,0.0,0.0,0.0
0,1.0,74,305.0,0.0001235745873925,1.0,4.05162581614938e-07,0,0,0,0.0,0.0,0.0,0.0
0,1.0,74,305.0,0.0001235745873925,1.0,4.05162581614938e-07,0,0,0,0.0,0.0,0.0,0.0
0,1.0,74,305.0,0.0001235745873925,1.0,4.05162581614938e-07,0,0,0,0.0,0.0,0.0,0.0
0,1.0,74,305.0,0.0001235745873925,1.0,4.05162581614938e-07,0,0,0,0.0,0.0,0.0,0.0
0,1.0,74,305.0,0.0001235745873925,1.0,4.05162581614938e-07,0,0,0,0.0,0.0,0.0,0.0
0,1.0,74,305.0,0.0001235745873925,1.0,4.05162581614938e-07,0,0,0,0.0,0.0,0.0,0.0
0,1.0,74,305.0,0.0001235745873925,1.0,4.05162581614938e-07,0,0,0,0.0,0.0,0.0,0.0
0,1.0,75,286.0,0.0001158764983418,5.0,2.02581290807469e-06,0,0,0,0.0,0.0,0.0,0.0
0,1.0,75,286.0,0.0001158764983418,5.0,2.02581290807469e-06,0,0,0,0.0,0.0,0.0,0.0
0,1.0,75,286.0,0.0001158764983418,5.0,2.02581290807469e-06,0,0,0,0.0,0.0,0.0,0.0
0,1.0,75,286.0,0.0001158764983418,5.0,2.02581290807469e-06,0,0,0,0.0,0.0,0.0,0.0
0,1.0,75,286.0,0.0001158764983418,5.0,2.02581290807469e-06,0,0,0,0.0,0.0,0.0,0.0
0,1.0,75,286.0,0.0001158764983418,5.0,2.02581290807469e-06,0,0,0,0.0,0.0,0.0,0.0
0,1.0,75,286.0,0.0001158764983418,5.0,2.02581290807469e-06,0,0,0,0.0,0.0,0.0,0.0
0,1.0,75,286.0,0.0001158764983418,5.0,2.02581290807469e-06,0,0,0,0.0,0.0,0.0,0.0
0,1.0,75,286.0,0.0001158764983418,5.0,2.02581290807469e-06,0,0,0,0.0,0.0,0.0,0.0
0,1.0,75,286.0,0.0001158764983418,5.0,2.02581290807469e-06,0,0,0,0.0,0.0,0.0,0.0
0,1.0,75,286.0,0.0001158764983418,5.0,2.02581290807469e-06,0,0,0,0.0,0.0,0.0,0.0
0,1.0,75,286.0,0.0001158764983418,5.0,2.02581290807469e-06,0,0,0,0.0,0.0,0.0,0.0
0,1.0,75,286.0,0.0001158764983418,5.0,2.02581290807469e-06,0,0,0,0.0,0.0,0.0,0.0
0,1.0,75,286.0,0.0001158764983418,5.0,2.02581290807469e-06,0,0,0,0.0,0.0,0.0,0.0
0,1.0,75,286.0,0.0001158764983418,5.0,2.02581290807469e-06,0,0,0,0.0,0.0,0.0,0.0
0,1.0,75,286.0,0.0001158764983418,5.0,2.02581290807469e-06,0,0,0,0.0,0.0,0.0,0.0
0,1.0,75,286.0,0.0001158764983418,5.0,2.02581290807469e-06,0,0,0,0.0,0.0,0.0,0.0
0,1.0,75,286.0,0.0001158764983418,5.0,2.02581290807469e-06,0,0,0,0.0,0.0,0.0,0.0
0,1.0,75,286.0,0.0001158764983418,5.0,2.02581290807469e-06,0,0,0,0.0,0.0,0.0,0.0
0,1.0,75,286.0,0.0001158764983418,5.0,2.02581290807469e-06,0,0,0,0.0,0.0,0.0,0.0
0,1.0,75,286.0,0.0001158764983418,5.0,2.02581290807469e-06,0,0,0,0.0,0.0,0.0,0.0
0,1.0,75,286.0,0.0001158764983418,5.0,2.02581290807469e-06,0,0,0,0.0,0.0,0.0,0.0
0,1.0,75,286.0,0.0001158764983418,5.0,2.02581290807469e-06,0,0,0,0.0,0.0,0.0,0.0
0,1.0,75,286.0,0.0001158764983418,5.0,2.02581290807469e-06,0,0,0,0.0,0.0,0.0,0.0
0,1.0,75,286.0,0.0001158764983418,5.0,2.02581290807469e-06,0,0,0,0.0,0.0,0.0,0.0
0,1.0,75,286.0,0.0001158764983418,5.0,2.02581290807469e-06,0,0,0,0.0,0.0,0.0,0.0
0,1.0,75,286.0,0.0001158764983418,5.0,2.02581290807469e-06,0,0,0,0.0,0.0,0.0,0.0
0,1.0,75,286.0,0.0001158764983418,5.0,2.02581290807469e-06,0,0,0,0.0,0.0,0.0,0.0
0,1.0,75,286.0,0.0001158764983418,5.0,2.02581290807469e-06,0,0,0,0.0,0.0,0.0,0.0
0,1.0,75,286.0,0.0001158764983418,5.0,2.02581290807469e-06,0,0,0,0.0,0.0,0.0,0.0
0,1.0,75,286.0,0.0001158764983418,5.0,2.02581290807469e-06,0,0,0,0.0,0.0,0.0,0.0
0,1.0,75,286.0,0.0001158764983418,5.0,2.02581290807469e-06,0,0,0,0.0,0.0,0.0,0.0
0,1.0,75,286.0,0.0001158764983418,5.0,2.02581290807469e-06,0,0,0,0.0,0.0,0.0,0.0
0,1.0,75,286.0,0.0001158764983418,5.0,2.02581290807469e-06,0,0,0,0.0,0.0,0.0,0.0
0,1.0,75,286.0,0.0001158764983418,5.0,2.02581290807469e-06,0,0,0,0.0,0.0,0.0,0.0
0,1.0,75,286.0,0.0001158764983418,5.0,2.02581290807469e-06,0,0,0,0.0,0.0,0.0,0.0
0,1.0,77,506.0,0.0002050122662971,3.0,1.21548774484481e-06,0,0,0,0.0,0.0,0.0,0.0
0,1.0,77,506.0,0.0002050122662971,3.0,1.21548774484481e-06,0,0,0,0.0,0.0,0.0,0.0
0,1.0,77,506.0,0.0002050122662971,3.0,1.21548774484481e-06,0,0,0,0.0,0.0,0.0,0.0
0,1.0,77,506.0,0.0002050122662971,3.0,1.21548774484481e-06,0,0,0,0.0,0.0,0.0,0.0
0,1.0,77,506.0,0.0002050122662971,3.0,1.21548774484481e-06,0,0,0,0.0,0.0,0.0,0.0
0,1.0,77,506.0,0.0002050122662971,3.0,1.21548774484481e-06,0,0,0,0.0,0.0,0.0,0.0
0,1.0,77,506.0,0.0002050122662971,3.0,1.21548774484481e-06,0,0,0,0.0,0.0,0.0,0.0
0,1.0,77,506.0,0.0002050122662971,3.0,1.21548774484481e-06,0,0,0,0.0,0.0,0.0,0.0
0,1.0,77,506.0,0.0002050122662971,3.0,1.21548774484481e-06,0,0,0,0.0,0.0,0.0,0.0
0,1.0,77,506.0,0.0002050122662971,3.0,1.21548774484481e-06,0,0,0,0.0,0.0,0.0,0.0
0,1.0,77,506.0,0.0002050122662971,3.0,1.21548774484481e-06,0,0,0,0.0,0.0,0.0,0.0
0,1.0,77,506.0,0.0002050122662971,3.0,1.21548774484481e-06,0,0,0,0.0,0.0,0.0,0.0
0,1.0,77,506.0,0.0002050122662971,3.0,1.21548774484481e-06,0,0,0,0.0,0.0,0.0,0.0
0,1.0,77,506.0,0.0002050122662971,3.0,1.21548774484481e-06,0,0,0,0.0,0.0,0.0,0.0
0,1.0,77,506.0,0.0002050122662971,3.0,1.21548774484481e-06,0,0,0,0.0,0.0,0.0,0.0
0,1.0,77,506.0,0.0002050122662971,3.0,1.21548774484481e-06,0,0,0,0.0,0.0,0.0,0.0
0,1.0,77,506.0,0.0002050122662971,3.0,1.21548774484481e-06,0,0,0,0.0,0.0,0.0,0.0
0,1.0,77,506.0,0.0002050122662971,3.0,1.21548774484481e-06,0,0,0,0.0,0.0,0.0,0.0
0,1.0,77,506.0,0.0002050122662971,3.0,1.21548774484481e-06,0,0,0,0.0,0.0,0.0,0.0
0,1.0,77,506.0,0.0002050122662971,3.0,1.21548774484481e-06,0,0,0,0.0,0.0,0.0,0.0
0,1.0,77,506.0,0.0002050122662971,3.0,1.21548774484481e-06,0,0,0,0.0,0.0,0.0,0.0
0,1.0,77,506.0,0.0002050122662971,3.0,1.21548774484481e-06,0,0,0,0.0,0.0,0.0,0.0
0,1.0,77,506.0,0.0002050122662971,3.0,1.21548774484481e-06,0,0,0,0.0,0.0,0.0,0.0
0,1.0,77,506.0,0.0002050122662971,3.0,1.21548774484481e-06,0,0,0,0.0,0.0,0.0,0.0
0,1.0,77,506.0,0.0002050122662971,3.0,1.21548774484481e-06,0,0,0,0.0,0.0,0.0,0.0
0,1.0,77,506.0,0.0002050122662971,3.0,1.21548774484481e-06,0,0,0,0.0,0.0,0.0,0.0
0,1.0,77,506.0,0.0002050122662971,3.0,1.21548774484481e-06,0,0,0,0.0,0.0,0.0,0.0
0,1.0,77,506.0,0.0002050122662971,3.0,1.21548774484481e-06,0,0,0,0.0,0.0,0.0,0.0
0,1.0,77,506.0,0.0002050122662971,3.0,1.21548774484481e-06,0,0,0,0.0,0.0,0.0,0.0
0,1.0,77,506.0,0.0002050122662971,3.0,1.21548774484481e-06,0,0,0,0.0,0.0,0.0,0.0
0,1.0,77,506.0,0.0002050122662971,3.0,1.21548774484481e-06,0,0,0,0.0,0.0,0.0,0.0
0,1.0,77,506.0,0.0002050122662971,3.0,1.21548774484481e-06,0,0,0,0.0,0.0,0.0,0.0
0,1.0,77,506.0,0.0002050122662971,3.0,1.21548774484481e-06,0,0,0,0.0,0.0,0.0,0.0
0,1.0,77,506.0,0.0002050122662971,3.0,1.21548774484481e-06,0,0,0,0.0,0.0,0.0,0.0
0,1.0,77,506.0,0.0002050122662971,3.0,1.21548774484481e-06,0,0,0,0.0,0.0,0.0,0.0
0,1.0,77,506.0,0.0002050122662971,3.0,1.21548774484481e-06,0,0,0,0.0,0.0,0.0,0.0
0,1.0,84,341.0,0.0043006684323369,0.0,0.0,0,0,0,0.0,0.0,0.0,0.0
0,1.0,87,374.0,0.0047168621515954,2.0,2.52238617732375e-05,0,0,0,0.0,0.0,0.0,0.0
0,1.0,94,135.0,0.0017026106696935,1.0,1.26119308866187e-05,0,0,0,0.0,0.0,0.0,0.0
0,1.0,100,100.0,0.0012611930886618,3.0,3.78357926598562e-05,0,0,0,0.0,0.0,0.0,0.0
0,1.0,84,0.0,0.0,0.0,0.0,1,0,1,0.0,0.0,0.0,0.0
0,1.0,84,0.0,0.0,0.0,0.0,1,0,1,0.0,0.0,0.0,0.0
0,1.0,84,0.0,0.0,0.0,0.0,1,0,1,0.0,0.0,0.0,0.0
0,1.0,84,0.0,0.0,0.0,0.0,1,0,1,0.0,0.0,0.0,0.0
0,1.0,85,90336.0,0.0022511310976855,791.0,1.97113520442491e-05,0,0,1,0.0,0.0,0.0,0.0
0,1.0,86,3482.0,0.0033732890149162,42.0,4.06887244763022e-05,0,0,0,0.0,0.0,0.0,0.0
0,1.0,86,3482.0,0.0033732890149162,42.0,4.06887244763022e-05,0,0,0,0.0,0.0,0.0,0.0
0,1.0,87,3258.0,0.003156282484376,38.0,3.68136078595115e-05,0,0,0,0.0,0.0,0.0,0.0
0,1.0,87,3258.0,0.003156282484376,38.0,3.68136078595115e-05,0,0,0,0.0,0.0,0.0,0.0
0,1.0,87,3258.0,0.003156282484376,38.0,3.68136078595115e-05,0,0,0,0.0,0.0,0.0,0.0
0,1.0,88,2913.0,0.0028220536761778,51.0,4.94077368640813e-05,0,0,0,0.0,0.0,0.0,0.0
0,1.0,88,2913.0,0.0028220536761778,51.0,4.94077368640813e-05,0,0,0,0.0,0.0,0.0,0.0
0,1.0,89,2562.0,0.0024820121930544,39.0,3.77823870137092e-05,0,0,0,0.0,0.0,0.0,0.0
0,1.0,89,2562.0,0.0024820121930544,39.0,3.77823870137092e-05,0,0,0,0.0,0.0,0.0,0.0
0,1.0,89,2562.0,0.0024820121930544,39.0,3.77823870137092e-05,0,0,0,0.0,0.0,0.0,0.0
0,1.0,90,2065.0,0.0020005289534181,46.0,4.45638410930929e-05,0,0,0,0.0,0.0,0.0,0.0
0,1.0,92,1923.0,0.0018629623135221,31.0,3.00321537801278e-05,0,0,0,0.0,0.0,0.0,0.0
0,1.0,86,786.0,0.0050241620004602,3.0,1.91761908414513e-05,0,0,0,0.0,0.0,0.0,0.0
0,1.0,87,2098.0,0.0026809959810617,40.0,5.11152713262496e-05,0,0,0,0.0,0.0,0.0,0.0
0,1.0,87,2098.0,0.0026809959810617,40.0,5.11152713262496e-05,0,0,0,0.0,0.0,0.0,0.0
0,1.0,87,2098.0,0.0026809959810617,40.0,5.11152713262496e-05,0,0,0,0.0,0.0,0.0,0.0
0,1.0,88,1723.0,0.0022017903123782,37.0,4.72816259767809e-05,0,0,0,0.0,0.0,0.0,0.0
0,1.0,88,1723.0,0.0022017903123782,37.0,4.72816259767809e-05,0,0,0,0.0,0.0,0.0,0.0
0,1.0,88,1723.0,0.0022017903123782,37.0,4.72816259767809e-05,0,0,0,0.0,0.0,0.0,0.0
0,1.0,88,1723.0,0.0022017903123782,37.0,4.72816259767809e-05,0,0,0,0.0,0.0,0.0,0.0
0,1.0,88,1723.0,0.0022017903123782,37.0,4.72816259767809e-05,0,0,0,0.0,0.0,0.0,0.0
1,1.0,89,1615.0,0.0020637790797973,39.0,4.98373895430934e-05,0,0,0,0.0,0.0,0.0,0.0
0,1.0,87,14218.0,0.0013861000236216,220.0,2.14476019972397e-05,0,0,0,0.0,0.0,0.0,0.0
0,1.0,87,14218.0,0.0013861000236216,220.0,2.14476019972397e-05,0,0,0,0.0,0.0,0.0,0.0
0,1.0,87,14218.0,0.0013861000236216,220.0,2.14476019972397e-05,0,0,0,0.0,0.0,0.0,0.0
0,1.0,87,14218.0,0.0013861000236216,220.0,2.14476019972397e-05,0,0,0,0.0,0.0,0.0,0.0
0,1.0,87,14218.0,0.0013861000236216,220.0,2.14476019972397e-05,0,0,0,0.0,0.0,0.0,0.0
0,1.0,87,14218.0,0.0013861000236216,220.0,2.14476019972397e-05,0,0,0,0.0,0.0,0.0,0.0
0,1.0,87,14218.0,0.0013861000236216,220.0,2.14476019972397e-05,0,0,0,0.0,0.0,0.0,0.0
0,1.0,87,14218.0,0.0013861000236216,220.0,2.14476019972397e-05,0,0,0,0.0,0.0,0.0,0.0
1,1.0,88,12028.0,0.001172598894649,191.0,1.86204180976036e-05,0,0,0,0.0,0.0,0.0,0.0
1,1.0,88,12028.0,0.001172598894649,191.0,1.86204180976036e-05,0,0,0,0.0,0.0,0.0,0.0
1,1.0,88,12028.0,0.001172598894649,191.0,1.86204180976036e-05,0,0,0,0.0,0.0,0.0,0.0
1,1.0,88,12028.0,0.001172598894649,191.0,1.86204180976036e-05,0,0,0,0.0,0.0,0.0,0.0
0,1.0,89,10398.0,0.0010136916616695,151.0,1.47208540981054e-05,0,0,0,0.0,0.0,0.0,0.0
0,1.0,89,10398.0,0.0010136916616695,151.0,1.47208540981054e-05,0,0,0,0.0,0.0,0.0,0.0
0,1.0,89,10398.0,0.0010136916616695,151.0,1.47208540981054e-05,0,0,0,0.0,0.0,0.0,0.0
0,1.0,89,10398.0,0.0010136916616695,151.0,1.47208540981054e-05,0,0,0,0.0,0.0,0.0,0.0
0,1.0,87,118.0,0.0030624691806597,3.0,7.78593859489762e-05,0,0,0,0.0,0.0,0.0,0.0
0,1.0,89,113.0,0.0029327035374114,0.0,0.0,0,0,0,0.0,0.0,0.0,0.0
1,1.0,88,879.0,0.0030582422935077,17.0,5.91468930485005e-05,1,1,0,879.0,0.0030582422935077,17.0,5.91468930485005e-05
1,1.0,88,879.0,0.0030582422935077,17.0,5.91468930485005e-05,1,1,0,879.0,0.0030582422935077,17.0,5.91468930485005e-05
1,1.0,88,879.0,0.0030582422935077,17.0,5.91468930485005e-05,1,1,0,879.0,0.0030582422935077,17.0,5.91468930485005e-05
1,1.0,88,879.0,0.0030582422935077,17.0,5.91468930485005e-05,1,1,0,879.0,0.0030582422935077,17.0,5.91468930485005e-05
1,1.0,88,879.0,0.0030582422935077,17.0,5.91468930485005e-05,1,1,0,879.0,0.0030582422935077,17.0,5.91468930485005e-05
1,1.0,88,879.0,0.0030582422935077,17.0,5.91468930485005e-05,1,1,0,879.0,0.0030582422935077,17.0,5.91468930485005e-05
1,1.0,88,879.0,0.0030582422935077,17.0,5.91468930485005e-05,1,1,0,879.0,0.0030582422935077,17.0,5.91468930485005e-05
1,1.0,88,879.0,0.0030582422935077,17.0,5.91468930485005e-05,1,1,0,879.0,0.0030582422935077,17.0,5.91468930485005e-05
1,1.0,88,879.0,0.0030582422935077,17.0,5.91468930485005e-05,1,1,0,879.0,0.0030582422935077,17.0,5.91468930485005e-05
0,1.0,88,879.0,0.0030582422935077,17.0,5.91468930485005e-05,1,1,0,879.0,0.0030582422935077,17.0,5.91468930485005e-05
0,1.0,88,879.0,0.0030582422935077,17.0,5.91468930485005e-05,1,1,0,879.0,0.0030582422935077,17.0,5.91468930485005e-05
0,1.0,88,879.0,0.0030582422935077,17.0,5.91468930485005e-05,1,1,0,879.0,0.0030582422935077,17.0,5.91468930485005e-05
0,1.0,88,879.0,0.0030582422935077,17.0,5.91468930485005e-05,1,1,0,879.0,0.0030582422935077,17.0,5.91468930485005e-05
0,1.0,88,879.0,0.0030582422935077,17.0,5.91468930485005e-05,1,1,0,879.0,0.0030582422935077,17.0,5.91468930485005e-05
0,1.0,88,879.0,0.0030582422935077,17.0,5.91468930485005e-05,1,1,0,879.0,0.0030582422935077,17.0,5.91468930485005e-05
0,1.0,88,879.0,0.0030582422935077,17.0,5.91468930485005e-05,1,1,0,879.0,0.0030582422935077,17.0,5.91468930485005e-05
0,1.0,88,879.0,0.0030582422935077,17.0,5.91468930485005e-05,1,1,0,879.0,0.0030582422935077,17.0,5.91468930485005e-05
0,1.0,88,879.0,0.0030582422935077,17.0,5.91468930485005e-05,1,1,0,879.0,0.0030582422935077,17.0,5.91468930485005e-05
0,1.0,88,879.0,0.0030582422935077,17.0,5.91468930485005e-05,1,1,0,879.0,0.0030582422935077,17.0,5.91468930485005e-05
0,1.0,88,879.0,0.0030582422935077,17.0,5.91468930485005e-05,1,1,0,879.0,0.0030582422935077,17.0,5.91468930485005e-05
0,1.0,88,879.0,0.0030582422935077,17.0,5.91468930485005e-05,1,1,0,879.0,0.0030582422935077,17.0,5.91468930485005e-05
0,1.0,88,879.0,0.0030582422935077,17.0,5.91468930485005e-05,1,1,0,879.0,0.0030582422935077,17.0,5.91468930485005e-05
0,1.0,88,879.0,0.0030582422935077,17.0,5.91468930485005e-05,1,1,0,879.0,0.0030582422935077,17.0,5.91468930485005e-05
0,1.0,88,879.0,0.0030582422935077,17.0,5.91468930485005e-05,1,1,0,879.0,0.0030582422935077,17.0,5.91468930485005e-05
0,1.0,88,879.0,0.0030582422935077,17.0,5.91468930485005e-05,1,1,0,879.0,0.0030582422935077,17.0,5.91468930485005e-05
0,1.0,88,879.0,0.0030582422935077,17.0,5.91468930485005e-05,1,1,0,879.0,0.0030582422935077,17.0,5.91468930485005e-05
0,1.0,88,879.0,0.0030582422935077,17.0,5.91468930485005e-05,1,1,0,879.0,0.0030582422935077,17.0,5.91468930485005e-05
0,1.0,89,773.0,0.0026894440192053,12.0,4.17507480342356e-05,1,1,0,773.0,0.0026894440192053,12.0,4.17507480342356e-05
0,1.0,89,773.0,0.0026894440192053,12.0,4.17507480342356e-05,1,1,0,773.0,0.0026894440192053,12.0,4.17507480342356e-05
0,1.0,89,773.0,0.0026894440192053,12.0,4.17507480342356e-05,1,1,0,773.0,0.0026894440192053,12.0,4.17507480342356e-05
0,1.0,89,773.0,0.0026894440192053,12.0,4.17507480342356e-05,1,1,0,773.0,0.0026894440192053,12.0,4.17507480342356e-05
0,1.0,89,773.0,0.0026894440192053,12.0,4.17507480342356e-05,1,1,0,773.0,0.0026894440192053,12.0,4.17507480342356e-05
0,1.0,89,773.0,0.0026894440192053,12.0,4.17507480342356e-05,1,1,0,773.0,0.0026894440192053,12.0,4.17507480342356e-05
0,1.0,89,773.0,0.0026894440192053,12.0,4.17507480342356e-05,1,1,0,773.0,0.0026894440192053,12.0,4.17507480342356e-05
0,1.0,89,773.0,0.0026894440192053,12.0,4.17507480342356e-05,1,1,0,773.0,0.0026894440192053,12.0,4.17507480342356e-05
0,1.0,89,773.0,0.0026894440192053,12.0,4.17507480342356e-05,1,1,0,773.0,0.0026894440192053,12.0,4.17507480342356e-05
1,1.0,89,773.0,0.0026894440192053,12.0,4.17507480342356e-05,1,1,0,773.0,0.0026894440192053,12.0,4.17507480342356e-05
1,1.0,89,773.0,0.0026894440192053,12.0,4.17507480342356e-05,1,1,0,773.0,0.0026894440192053,12.0,4.17507480342356e-05
1,1.0,89,773.0,0.0026894440192053,12.0,4.17507480342356e-05,1,1,0,773.0,0.0026894440192053,12.0,4.17507480342356e-05
1,1.0,89,773.0,0.0026894440192053,12.0,4.17507480342356e-05,1,1,0,773.0,0.0026894440192053,12.0,4.17507480342356e-05
1,1.0,89,773.0,0.0026894440192053,12.0,4.17507480342356e-05,1,1,0,773.0,0.0026894440192053,12.0,4.17507480342356e-05
1,1.0,89,773.0,0.0026894440192053,12.0,4.17507480342356e-05,1,1,0,773.0,0.0026894440192053,12.0,4.17507480342356e-05
1,1.0,89,773.0,0.0026894440192053,12.0,4.17507480342356e-05,1,1,0,773.0,0.0026894440192053,12.0,4.17507480342356e-05
1,1.0,89,773.0,0.0026894440192053,12.0,4.17507480342356e-05,1,1,0,773.0,0.0026894440192053,12.0,4.17507480342356e-05
1,1.0,89,773.0,0.0026894440192053,12.0,4.17507480342356e-05,1,1,0,773.0,0.0026894440192053,12.0,4.17507480342356e-05
0,1.0,88,1702.0,0.0035134582792311,22.0,4.54148543731408e-05,0,0,0,0.0,0.0,0.0,0.0
0,1.0,97,641.0,0.0013232237115083,33.0,6.81222815597112e-05,0,0,0,0.0,0.0,0.0,0.0
0,1.0,113,316.0,0.0006523224537232,9.0,1.85788040617394e-05,0,0,0,0.0,0.0,0.0,0.0
0,1.0,88,879.0,0.0030582422935077,17.0,5.91468930485005e-05,0,0,0,0.0,0.0,0.0,0.0
0,1.0,88,879.0,0.0030582422935077,17.0,5.91468930485005e-05,0,0,0,0.0,0.0,0.0,0.0
0,1.0,88,879.0,0.0030582422935077,17.0,5.91468930485005e-05,0,0,0,0.0,0.0,0.0,0.0
0,1.0,88,879.0,0.0030582422935077,17.0,5.91468930485005e-05,0,0,0,0.0,0.0,0.0,0.0
0,1.0,88,879.0,0.0030582422935077,17.0,5.91468930485005e-05,0,0,0,0.0,0.0,0.0,0.0
0,1.0,88,879.0,0.0030582422935077,17.0,5.91468930485005e-05,0,0,0,0.0,0.0,0.0,0.0
0,1.0,88,879.0,0.0030582422935077,17.0,5.91468930485005e-05,0,0,0,0.0,0.0,0.0,0.0
0,1.0,88,879.0,0.0030582422935077,17.0,5.91468930485005e-05,0,0,0,0.0,0.0,0.0,0.0
0,1.0,88,879.0,0.0030582422935077,17.0,5.91468930485005e-05,0,0,0,0.0,0.0,0.0,0.0
0,1.0,88,879.0,0.0030582422935077,17.0,5.91468930485005e-05,0,0,0,0.0,0.0,0.0,0.0
0,1.0,88,879.0,0.0030582422935077,17.0,5.91468930485005e-05,0,0,0,0.0,0.0,0.0,0.0
0,1.0,88,879.0,0.0030582422935077,17.0,5.91468930485005e-05,0,0,0,0.0,0.0,0.0,0.0
0,1.0,88,879.0,0.0030582422935077,17.0,5.91468930485005e-05,0,0,0,0.0,0.0,0.0,0.0
0,1.0,88,879.0,0.0030582422935077,17.0,5.91468930485005e-05,0,0,0,0.0,0.0,0.0,0.0
0,1.0,88,879.0,0.0030582422935077,17.0,5.91468930485005e-05,0,0,0,0.0,0.0,0.0,0.0
0,1.0,88,879.0,0.0030582422935077,17.0,5.91468930485005e-05,0,0,0,0.0,0.0,0.0,0.0
0,1.0,88,879.0,0.0030582422935077,17.0,5.91468930485005e-05,0,0,0,0.0,0.0,0.0,0.0
0,1.0,88,879.0,0.0030582422935077,17.0,5.91468930485005e-05,0,0,0,0.0,0.0,0.0,0.0
0,1.0,89,773.0,0.0026894440192053,12.0,4.17507480342356e-05,0,0,0,0.0,0.0,0.0,0.0
0,1.0,89,773.0,0.0026894440192053,12.0,4.17507480342356e-05,0,0,0,0.0,0.0,0.0,0.0
0,1.0,89,773.0,0.0026894440192053,12.0,4.17507480342356e-05,0,0,0,0.0,0.0,0.0,0.0
0,1.0,89,773.0,0.0026894440192053,12.0,4.17507480342356e-05,0,0,0,0.0,0.0,0.0,0.0
0,1.0,89,773.0,0.0026894440192053,12.0,4.17507480342356e-05,0,0,0,0.0,0.0,0.0,0.0
0,1.0,89,773.0,0.0026894440192053,12.0,4.17507480342356e-05,0,0,0,0.0,0.0,0.0,0.0
0,1.0,89,773.0,0.0026894440192053,12.0,4.17507480342356e-05,0,0,0,0.0,0.0,0.0,0.0
0,1.0,89,773.0,0.0026894440192053,12.0,4.17507480342356e-05,0,0,0,0.0,0.0,0.0,0.0
0,1.0,89,773.0,0.0026894440192053,12.0,4.17507480342356e-05,0,0,0,0.0,0.0,0.0,0.0
0,1.0,89,773.0,0.0026894440192053,12.0,4.17507480342356e-05,0,0,0,0.0,0.0,0.0,0.0
0,1.0,89,773.0,0.0026894440192053,12.0,4.17507480342356e-05,0,0,0,0.0,0.0,0.0,0.0
0,1.0,89,773.0,0.0026894440192053,12.0,4.17507480342356e-05,0,0,0,0.0,0.0,0.0,0.0
0,1.0,89,773.0,0.0026894440192053,12.0,4.17507480342356e-05,0,0,0,0.0,0.0,0.0,0.0
0,1.0,89,773.0,0.0026894440192053,12.0,4.17507480342356e-05,0,0,0,0.0,0.0,0.0,0.0
0,1.0,89,773.0,0.0026894440192053,12.0,4.17507480342356e-05,0,0,0,0.0,0.0,0.0,0.0
0,1.0,89,773.0,0.0026894440192053,12.0,4.17507480342356e-05,0,0,0,0.0,0.0,0.0,0.0
0,1.0,89,773.0,0.0026894440192053,12.0,4.17507480342356e-05,0,0,0,0.0,0.0,0.0,0.0
0,1.0,89,773.0,0.0026894440192053,12.0,4.17507480342356e-05,0,0,0,0.0,0.0,0.0,0.0
0,1.0,89,773.0,0.0026894440192053,12.0,4.17507480342356e-05,0,0,0,0.0,0.0,0.0,0.0
0,1.0,89,773.0,0.0026894440192053,12.0,4.17507480342356e-05,0,0,0,0.0,0.0,0.0,0.0
0,1.0,89,773.0,0.0026894440192053,12.0,4.17507480342356e-05,0,0,0,0.0,0.0,0.0,0.0
0,1.0,89,773.0,0.0026894440192053,12.0,4.17507480342356e-05,0,0,0,0.0,0.0,0.0,0.0
0,1.0,89,773.0,0.0026894440192053,12.0,4.17507480342356e-05,0,0,0,0.0,0.0,0.0,0.0
0,1.0,89,773.0,0.0026894440192053,12.0,4.17507480342356e-05,0,0,0,0.0,0.0,0.0,0.0
0,1.0,89,773.0,0.0026894440192053,12.0,4.17507480342356e-05,0,0,0,0.0,0.0,0.0,0.0
0,1.0,89,773.0,0.0026894440192053,12.0,4.17507480342356e-05,0,0,0,0.0,0.0,0.0,0.0
0,1.0,89,773.0,0.0026894440192053,12.0,4.17507480342356e-05,0,0,0,0.0,0.0,0.0,0.0
0,1.0,89,773.0,0.0026894440192053,12.0,4.17507480342356e-05,0,0,0,0.0,0.0,0.0,0.0
0,1.0,89,773.0,0.0026894440192053,12.0,4.17507480342356e-05,0,0,0,0.0,0.0,0.0,0.0
0,1.0,89,773.0,0.0026894440192053,12.0,4.17507480342356e-05,0,0,0,0.0,0.0,0.0,0.0
0,1.0,89,773.0,0.0026894440192053,12.0,4.17507480342356e-05,0,0,0,0.0,0.0,0.0,0.0
0,1.0,89,773.0,0.0026894440192053,12.0,4.17507480342356e-05,0,0,0,0.0,0.0,0.0,0.0
0,1.0,89,773.0,0.0026894440192053,12.0,4.17507480342356e-05,0,0,0,0.0,0.0,0.0,0.0
0,1.0,89,773.0,0.0026894440192053,12.0,4.17507480342356e-05,0,0,0,0.0,0.0,0.0,0.0
0,1.0,89,773.0,0.0026894440192053,12.0,4.17507480342356e-05,0,0,0,0.0,0.0,0.0,0.0
0,1.0,89,773.0,0.0026894440192053,12.0,4.17507480342356e-05,0,0,0,0.0,0.0,0.0,0.0
0,1.0,90,721.0,0.0025085241110569,13.0,4.52299770370886e-05,0,0,0,0.0,0.0,0.0,0.0
0,1.0,90,721.0,0.0025085241110569,13.0,4.52299770370886e-05,0,0,0,0.0,0.0,0.0,0.0
0,1.0,90,721.0,0.0025085241110569,13.0,4.52299770370886e-05,0,0,0,0.0,0.0,0.0,0.0
0,1.0,90,721.0,0.0025085241110569,13.0,4.52299770370886e-05,0,0,0,0.0,0.0,0.0,0.0
0,1.0,90,721.0,0.0025085241110569,13.0,4.52299770370886e-05,0,0,0,0.0,0.0,0.0,0.0
0,1.0,90,721.0,0.0025085241110569,13.0,4.52299770370886e-05,0,0,0,0.0,0.0,0.0,0.0
0,1.0,90,721.0,0.0025085241110569,13.0,4.52299770370886e-05,0,0,0,0.0,0.0,0.0,0.0
0,1.0,90,721.0,0.0025085241110569,13.0,4.52299770370886e-05,0,0,0,0.0,0.0,0.0,0.0
0,1.0,90,721.0,0.0025085241110569,13.0,4.52299770370886e-05,0,0,0,0.0,0.0,0.0,0.0
0,1.0,92,511.0,0.0017778860204578,11.0,3.82715190313826e-05,0,0,0,0.0,0.0,0.0,0.0
0,1.0,92,511.0,0.0017778860204578,11.0,3.82715190313826e-05,0,0,0,0.0,0.0,0.0,0.0
0,1.0,92,511.0,0.0017778860204578,11.0,3.82715190313826e-05,0,0,0,0.0,0.0,0.0,0.0
0,1.0,92,511.0,0.0017778860204578,11.0,3.82715190313826e-05,0,0,0,0.0,0.0,0.0,0.0
0,1.0,92,511.0,0.0017778860204578,11.0,3.82715190313826e-05,0,0,0,0.0,0.0,0.0,0.0
0,1.0,92,511.0,0.0017778860204578,11.0,3.82715190313826e-05,0,0,0,0.0,0.0,0.0,0.0
0,1.0,92,511.0,0.0017778860204578,11.0,3.82715190313826e-05,0,0,0,0.0,0.0,0.0,0.0
0,1.0,92,511.0,0.0017778860204578,11.0,3.82715190313826e-05,0,0,0,0.0,0.0,0.0,0.0
0,1.0,92,511.0,0.0017778860204578,11.0,3.82715190313826e-05,0,0,0,0.0,0.0,0.0,0.0
0,1.0,105,3607.0,0.0125495790132907,11.0,3.82715190313826e-05,0,0,0,0.0,0.0,0.0,0.0
0,1.0,105,3607.0,0.0125495790132907,11.0,3.82715190313826e-05,0,0,0,0.0,0.0,0.0,0.0
0,1.0,105,3607.0,0.0125495790132907,11.0,3.82715190313826e-05,0,0,0,0.0,0.0,0.0,0.0
0,1.0,105,3607.0,0.0125495790132907,11.0,3.82715190313826e-05,0,0,0,0.0,0.0,0.0,0.0
0,1.0,105,3607.0,0.0125495790132907,11.0,3.82715190313826e-05,0,0,0,0.0,0.0,0.0,0.0
0,1.0,105,3607.0,0.0125495790132907,11.0,3.82715190313826e-05,0,0,0,0.0,0.0,0.0,0.0
0,1.0,105,3607.0,0.0125495790132907,11.0,3.82715190313826e-05,0,0,0,0.0,0.0,0.0,0.0
0,1.0,105,3607.0,0.0125495790132907,11.0,3.82715190313826e-05,0,0,0,0.0,0.0,0.0,0.0
0,1.0,105,3607.0,0.0125495790132907,11.0,3.82715190313826e-05,0,0,0,0.0,0.0,0.0,0.0
0,1.0,89,2562.0,0.002482012193054,39.0,3.7782387014e-05,1,1,0,2562.0,0.002482012193054,39.0,3.7782387014e-05
0,1.0,89,773.0,0.0026894440192053,12.0,4.17507480342356e-05,0,0,0,0.0,0.0,0.0,0.0
0,1.0,89,773.0,0.0026894440192053,12.0,4.17507480342356e-05,0,0,0,0.0,0.0,0.0,0.0
0,1.0,89,773.0,0.0026894440192053,12.0,4.17507480342356e-05,0,0,0,0.0,0.0,0.0,0.0
0,1.0,89,773.0,0.0026894440192053,12.0,4.17507480342356e-05,0,0,0,0.0,0.0,0.0,0.0
0,1.0,89,773.0,0.0026894440192053,12.0,4.17507480342356e-05,0,0,0,0.0,0.0,0.0,0.0
0,1.0,89,773.0,0.0026894440192053,12.0,4.17507480342356e-05,0,0,0,0.0,0.0,0.0,0.0
0,1.0,89,773.0,0.0026894440192053,12.0,4.17507480342356e-05,0,0,0,0.0,0.0,0.0,0.0
0,1.0,89,773.0,0.0026894440192053,12.0,4.17507480342356e-05,0,0,0,0.0,0.0,0.0,0.0
0,1.0,89,773.0,0.0026894440192053,12.0,4.17507480342356e-05,0,0,0,0.0,0.0,0.0,0.0
0,1.0,90,2603.0,0.0011738984160714,72.0,3.24704901871473e-05,1,1,0,2603.0,0.0011738984160714,72.0,3.24704901871473e-05
0,1.0,90,2603.0,0.0011738984160714,72.0,3.24704901871473e-05,1,1,0,2603.0,0.0011738984160714,72.0,3.24704901871473e-05
0,1.0,91,7929.0,0.0007729910738005,129.0,1.25760938983815e-05,0,0,0,0.0,0.0,0.0,0.0
0,1.0,91,7929.0,0.0007729910738005,129.0,1.25760938983815e-05,0,0,0,0.0,0.0,0.0,0.0
0,1.0,92,6683.0,0.0006515196552161,111.0,1.08212900986073e-05,0,0,0,0.0,0.0,0.0,0.0
0,1.0,98,7113.0,0.0006934399682107,85.0,8.28657349893352e-06,0,0,0,0.0,0.0,0.0,0.0
0,1.0,92,6683.0,0.0006515196552161,111.0,1.08212900986073e-05,0,0,0,0.0,0.0,0.0,0.0
0,1.0,92,6683.0,0.0006515196552161,111.0,1.08212900986073e-05,0,0,0,0.0,0.0,0.0,0.0
0,1.0,92,6683.0,0.0006515196552161,111.0,1.08212900986073e-05,0,0,0,0.0,0.0,0.0,0.0
0,1.0,92,6683.0,0.0006515196552161,111.0,1.08212900986073e-05,0,0,0,0.0,0.0,0.0,0.0
0,1.0,92,6683.0,0.0006515196552161,111.0,1.08212900986073e-05,0,0,0,0.0,0.0,0.0,0.0
0,1.0,92,6683.0,0.0006515196552161,111.0,1.08212900986073e-05,0,0,0,0.0,0.0,0.0,0.0
0,1.0,92,6683.0,0.0006515196552161,111.0,1.08212900986073e-05,0,0,0,0.0,0.0,0.0,0.0
0,1.0,92,6683.0,0.0006515196552161,111.0,1.08212900986073e-05,0,0,0,0.0,0.0,0.0,0.0
0,1.0,92,2069.0,0.0009330756138501,54.0,2.43528676403605e-05,0,0,0,0.0,0.0,0.0,0.0
0,1.0,92,2069.0,0.0009330756138501,54.0,2.43528676403605e-05,0,0,0,0.0,0.0,0.0,0.0
0,1.0,92,2069.0,0.0009330756138501,54.0,2.43528676403605e-05,0,0,0,0.0,0.0,0.0,0.0
0,1.0,92,2069.0,0.0009330756138501,54.0,2.43528676403605e-05,0,0,0,0.0,0.0,0.0,0.0
0,1.0,93,2135.0,0.0009628402298549,31.0,1.39803499416884e-05,0,0,0,0.0,0.0,0.0,0.0
0,1.0,93,2135.0,0.0009628402298549,31.0,1.39803499416884e-05,0,0,0,0.0,0.0,0.0,0.0
0,1.0,93,2135.0,0.0009628402298549,31.0,1.39803499416884e-05,0,0,0,0.0,0.0,0.0,0.0
0,1.0,93,2135.0,0.0009628402298549,31.0,1.39803499416884e-05,0,0,0,0.0,0.0,0.0,0.0
0,1.0,96,831.0,0.0017154429083672,30.0,6.19293468724648e-05,0,0,0,0.0,0.0,0.0,0.0
0,1.0,96,831.0,0.0017154429083672,30.0,6.19293468724648e-05,0,0,0,0.0,0.0,0.0,0.0
0,1.0,96,831.0,0.0017154429083672,30.0,6.19293468724648e-05,0,0,0,0.0,0.0,0.0,0.0
0,1.0,96,831.0,0.0017154429083672,30.0,6.19293468724648e-05,0,0,0,0.0,0.0,0.0,0.0
0,1.0,97,535.0,0.00062738420657,5.0,5.8634037997202e-06,0,0,0,0.0,0.0,0.0,0.0
0,1.0,97,535.0,0.00062738420657,5.0,5.8634037997202e-06,0,0,0,0.0,0.0,0.0,0.0
0,1.0,97,535.0,0.00062738420657,5.0,5.8634037997202e-06,0,0,0,0.0,0.0,0.0,0.0
0,1.0,97,535.0,0.00062738420657,5.0,5.8634037997202e-06,0,0,0,0.0,0.0,0.0,0.0
0,1.0,97,535.0,0.00062738420657,5.0,5.8634037997202e-06,0,0,0,0.0,0.0,0.0,0.0
0,1.0,97,535.0,0.00062738420657,5.0,5.8634037997202e-06,0,0,0,0.0,0.0,0.0,0.0
0,1.0,97,535.0,0.00062738420657,5.0,5.8634037997202e-06,0,0,0,0.0,0.0,0.0,0.0
0,1.0,97,535.0,0.00062738420657,5.0,5.8634037997202e-06,0,0,0,0.0,0.0,0.0,0.0
0,1.0,97,535.0,0.00062738420657,5.0,5.8634037997202e-06,0,0,0,0.0,0.0,0.0,0.0
0,1.0,97,535.0,0.00062738420657,5.0,5.8634037997202e-06,0,0,0,0.0,0.0,0.0,0.0
0,1.0,97,535.0,0.00062738420657,5.0,5.8634037997202e-06,0,0,0,0.0,0.0,0.0,0.0
0,1.0,97,535.0,0.00062738420657,5.0,5.8634037997202e-06,0,0,0,0.0,0.0,0.0,0.0
0,1.0,97,535.0,0.00062738420657,5.0,5.8634037997202e-06,0,0,0,0.0,0.0,0.0,0.0
0,1.0,97,535.0,0.00062738420657,5.0,5.8634037997202e-06,0,0,0,0.0,0.0,0.0,0.0
0,1.0,97,535.0,0.00062738420657,5.0,5.8634037997202e-06,0,0,0,0.0,0.0,0.0,0.0
0,1.0,97,535.0,0.00062738420657,5.0,5.8634037997202e-06,0,0,0,0.0,0.0,0.0,0.0
0,1.0,100,839.0,0.000983879157593,5.0,5.8634037997202e-06,0,0,0,0.0,0.0,0.0,0.0
0,1.0,100,839.0,0.000983879157593,5.0,5.8634037997202e-06,0,0,0,0.0,0.0,0.0,0.0
0,1.0,100,839.0,0.000983879157593,5.0,5.8634037997202e-06,0,0,0,0.0,0.0,0.0,0.0
0,1.0,100,839.0,0.000983879157593,5.0,5.8634037997202e-06,0,0,0,0.0,0.0,0.0,0.0
0,1.0,97,535.0,0.00062738420657,5.0,5.8634037997202e-06,0,0,0,0.0,0.0,0.0,0.0
0,1.0,97,535.0,0.00062738420657,5.0,5.8634037997202e-06,0,0,0,0.0,0.0,0.0,0.0
0,1.0,97,535.0,0.00062738420657,5.0,5.8634037997202e-06,0,0,0,0.0,0.0,0.0,0.0
0,1.0,97,535.0,0.00062738420657,5.0,5.8634037997202e-06,0,0,0,0.0,0.0,0.0,0.0
0,1.0,98,525.0,0.0006156573989706,7.0,8.20876531960828e-06,0,0,0,0.0,0.0,0.0,0.0
0,1.0,98,525.0,0.0006156573989706,7.0,8.20876531960828e-06,0,0,0,0.0,0.0,0.0,0.0
0,1.0,98,525.0,0.0006156573989706,7.0,8.20876531960828e-06,0,0,0,0.0,0.0,0.0,0.0
0,1.0,98,525.0,0.0006156573989706,7.0,8.20876531960828e-06,0,0,0,0.0,0.0,0.0,0.0
0,1.0,102,1660.0,0.0019466500615071,9.0,1.05541268394964e-05,0,0,0,0.0,0.0,0.0,0.0
0,1.0,102,1660.0,0.0019466500615071,9.0,1.05541268394964e-05,0,0,0,0.0,0.0,0.0,0.0
0,1.0,102,1660.0,0.0019466500615071,9.0,1.05541268394964e-05,0,0,0,0.0,0.0,0.0,0.0
0,1.0,102,1660.0,0.0019466500615071,9.0,1.05541268394964e-05,0,0,0,0.0,0.0,0.0,0.0
0,1.0,103,4467.0,0.00523836495467,7.0,8.20876531960828e-06,0,0,0,0.0,0.0,0.0,0.0
0,1.0,103,4467.0,0.00523836495467,7.0,8.20876531960828e-06,0,0,0,0.0,0.0,0.0,0.0
0,1.0,103,4467.0,0.00523836495467,7.0,8.20876531960828e-06,0,0,0,0.0,0.0,0.0,0.0
0,1.0,103,4467.0,0.00523836495467,7.0,8.20876531960828e-06,0,0,0,0.0,0.0,0.0,0.0
0,1.0,105,17384.0,0.0203858823308672,22.0,2.57989767187689e-05,0,0,0,0.0,0.0,0.0,0.0
0,1.0,105,17384.0,0.0203858823308672,22.0,2.57989767187689e-05,0,0,0,0.0,0.0,0.0,0.0
0,1.0,105,17384.0,0.0203858823308672,22.0,2.57989767187689e-05,0,0,0,0.0,0.0,0.0,0.0
0,1.0,105,17384.0,0.0203858823308672,22.0,2.57989767187689e-05,0,0,0,0.0,0.0,0.0,0.0
0,1.0,100,1635.0,0.0008309679124408,12.0,6.09884706378632e-06,0,0,0,0.0,0.0,0.0,0.0
0,1.0,100,1635.0,0.0008309679124408,12.0,6.09884706378632e-06,0,0,0,0.0,0.0,0.0,0.0
0,1.0,100,1635.0,0.0008309679124408,12.0,6.09884706378632e-06,0,0,0,0.0,0.0,0.0,0.0
0,1.0,100,1635.0,0.0008309679124408,12.0,6.09884706378632e-06,0,0,0,0.0,0.0,0.0,0.0
0,1.0,100,1635.0,0.0008309679124408,12.0,6.09884706378632e-06,0,0,0,0.0,0.0,0.0,0.0
0,1.0,100,1635.0,0.0008309679124408,12.0,6.09884706378632e-06,0,0,0,0.0,0.0,0.0,0.0
0,1.0,100,1635.0,0.0008309679124408,12.0,6.09884706378632e-06,0,0,0,0.0,0.0,0.0,0.0
0,1.0,100,1635.0,0.0008309679124408,12.0,6.09884706378632e-06,0,0,0,0.0,0.0,0.0,0.0
0,1.0,101,1397.0,0.0007100074456757,6.0,3.04942353189316e-06,0,0,0,0.0,0.0,0.0,0.0
0,1.0,101,1397.0,0.0007100074456757,6.0,3.04942353189316e-06,0,0,0,0.0,0.0,0.0,0.0
0,1.0,101,1397.0,0.0007100074456757,6.0,3.04942353189316e-06,0,0,0,0.0,0.0,0.0,0.0
0,1.0,101,1397.0,0.0007100074456757,6.0,3.04942353189316e-06,0,0,0,0.0,0.0,0.0,0.0
0,1.0,101,1397.0,0.0007100074456757,6.0,3.04942353189316e-06,0,0,0,0.0,0.0,0.0,0.0
0,1.0,101,1397.0,0.0007100074456757,6.0,3.04942353189316e-06,0,0,0,0.0,0.0,0.0,0.0
0,1.0,101,1397.0,0.0007100074456757,6.0,3.04942353189316e-06,0,0,0,0.0,0.0,0.0,0.0
0,1.0,101,1397.0,0.0007100074456757,6.0,3.04942353189316e-06,0,0,0,0.0,0.0,0.0,0.0
0,1.0,103,7225.0,0.0036720141696546,10.0,5.08237255315526e-06,0,0,0,0.0,0.0,0.0,0.0
0,1.0,103,7225.0,0.0036720141696546,10.0,5.08237255315526e-06,0,0,0,0.0,0.0,0.0,0.0
0,1.0,103,7225.0,0.0036720141696546,10.0,5.08237255315526e-06,0,0,0,0.0,0.0,0.0,0.0
0,1.0,103,7225.0,0.0036720141696546,10.0,5.08237255315526e-06,0,0,0,0.0,0.0,0.0,0.0
0,1.0,110,5117.0,0.0026006500354495,29.0,1.47388804041503e-05,0,0,0,0.0,0.0,0.0,0.0
0,1.0,110,5117.0,0.0026006500354495,29.0,1.47388804041503e-05,0,0,0,0.0,0.0,0.0,0.0
0,1.0,110,5117.0,0.0026006500354495,29.0,1.47388804041503e-05,0,0,0,0.0,0.0,0.0,0.0
0,1.0,110,5117.0,0.0026006500354495,29.0,1.47388804041503e-05,0,0,0,0.0,0.0,0.0,0.0
0,1.0,103,7225.0,0.0036720141696546,10.0,5.08237255315526e-06,0,0,0,0.0,0.0,0.0,0.0
0,1.0,103,7225.0,0.0036720141696546,10.0,5.08237255315526e-06,0,0,0,0.0,0.0,0.0,0.0
0,1.0,103,7225.0,0.0036720141696546,10.0,5.08237255315526e-06,0,0,0,0.0,0.0,0.0,0.0
0,1.0,103,7225.0,0.0036720141696546,10.0,5.08237255315526e-06,0,0,0,0.0,0.0,0.0,0.0
0,1.0,104,1728.0,0.0035671303798539,5.0,1.03215578120775e-05,0,0,0,0.0,0.0,0.0,0.0
0,1.0,104,1728.0,0.0035671303798539,5.0,1.03215578120775e-05,0,0,0,0.0,0.0,0.0,0.0
0,1.0,104,1728.0,0.0035671303798539,5.0,1.03215578120775e-05,0,0,0,0.0,0.0,0.0,0.0
0,1.0,104,1728.0,0.0035671303798539,5.0,1.03215578120775e-05,0,0,0,0.0,0.0,0.0,0.0
0,1.0,105,1949.0,0.0089498505296897,2.0,9.18404364257539e-06,0,0,0,0.0,0.0,0.0,0.0
0,1.0,105,1949.0,0.0089498505296897,2.0,9.18404364257539e-06,0,0,0,0.0,0.0,0.0,0.0
