Story ID (prison_yyyymmdd_topic),sentiment
Avenal_20201030_7_01_FULL,0.09998762695124652
Avenal_20201105_07_12_FULL,0.38045829247983143
Avenal_20201105_08_11_FULL,0.9818620487450829
Avenal_20201105_0830_FULL,-0.5763741224811703
Avenal_20201106_623_FULL,0.36221167631609585
Avenal_20201110_08_13_FULL,-0.2892435052805311
Avenal_20201110_7_51_FULL,0.17909702184734444
Avenal_20201113_7_18_FULL,0.27860128491516
Avenal_20210317_8_31_Full,0.9566724674200533
Avenal_20210326_6_51_FULL,0.5070093299364848
Avenal_20210518_5_22_FULL_Infection_PrisonConditions_Stress,-0.7143219834692256
Calipatria_20210122_06_48_FULL,-0.9888534257331325
Calipatria_20210217_07_39_FULL,-0.4193595600719384
Calipatria_20210222_3_32_FULL_PrisonConditions,0.8873605715014585
Centinela_20210121_05_38_FULL,0.19166410578537074
Centinela_20210412_57555_FULL,0.3244928611209752
Centinela_20210420_705_Full,-0.459016477432997
Chino_20201211_0615_FULL,0.3227818050324569
Chowchilla_20210326_801_FULL,-0.9595507988396308
Chuckawalla_20201105_06_41_FULL,-0.5220710985088708
Chuckawalla_20201105_0728_FULL,0.8625188549830456
Chuckawalla_20201106_05_42_FULL,0.6737172372146019
Chuckawalla_20201106_07_07_FULL,-0.6146481364389753
Chuckawalla_20201106_07_22_FULL,-0.020799012742535927
Chuckawalla_20201109_05_04_FULL,0.9377958962161108
Chuckawalla_20201109_06_57_FULL,0.09352522694919396
Chuckawalla_20201120_06_34_FULL,0.5184785812398396
Chuckawalla_20201127_06_21_FULL,-0.21533048116623843
Chuckawalla_20201127_06_39_FULL,-0.3657461966414941
Chuckawalla_20201127_06_59_FULL,-0.28990781404062793
Chuckawalla_20201203_06_01_PrisonConditions1_Infection,0.2797772961100131
Chuckawalla_20201208_06_50_FULL,0.9993257095790773
Chuckawalla_20201211_05_20_FULL,0.9620796047640823
Chino_20201208_05_53_FULL,0.7468934486192937
Chino_20201209_05_35_FULL_PrisonConditions,0.26092287204446185
Chino_20201216_06_02_FULL,-0.9484785008419907
CIW_20201207_07_46_FULL,0.8190791439940128
CIW_20210324_06_51_FULL,-0.7173195585111714
CMC_20210212_0551_FULL,0.10664881344702382
CMC_20210212_07_21_FULL,-0.28026799826860205
Corcoran_20201103_07_39_FULL,0.5859998854902826
Corcoran_20210105_07_43_FULL,-0.6559502255926706
Corcoran_20210421_637_FULL_Infection_Family_Programs,0.9327881680898373
Corcoran_20210428_320_FULL,-0.7298934557541521
Corcoran_20210518_6_21_FULL,0.6409541274052664
Corcoran_20210824_21225_FULL,-0.5606692827650792
CSATF_20210209_625_FULL,0.5874083694356222
Donovan_20201004_05_00_FULL,0.30345342405546294
Donovan_20201130_06_49_FULL,0.18883487880474226
Donovan_20201201_05_00_FULL,0.5444443553101452
Donovan_20201201_2_36,-0.0718725573280361
Donovan_20201202_2_59,-0.6563391961842129
Donovan_20201202_5_31_FULL,-0.45455415093863416
Donovan_20201209_8_39_FULL,0.13743945511196864
Donovan_20210104_603_PrisonConditions,-0.5874654253852276
Donovan_20210107_01_16_FULL,0.5655082747071525
Donovan_20210111_01_05_Infection,-0.8119287109452291
Donovan_20210115_245_FULL,-0.5605795021145992
Donovan_20210503_6_27_FULL_Infection_PrisonConditions,0.9129673878547002
Donovan_20210507_5_59_P1_Full,0.15335427434049453
Donovan_20210507_5_59_P2_FULL,0.15724663269108863
Donovan_20210514_6_29_Full,0.8543543875878752
Fresno_Main_20210826_59372_P1_FULL,0.7158660900301648
Fresno_Main_20210826_59372_P2_FULL,0.07440739925442141
Fresno_Main_20210901_87115_FULL,0.10672870166573212
Fresno_Main_20210910_29668_FULL,0.11180400642895982
Fresno_Main_20210910_56264_FULL,-0.19375650224545105
Fresno_Main_20210916_40145_FULL,0.5176803162531285
Ironwood_20201109_06_38_FULL,-0.06906456941516992
Ironwood_20201118_2_04_Stress,0.703712515152606
KernValley_20210427_5_59_Full,0.2913201329815216
Mule Creek_20201228_07_03_FULL,0.18153006133843363
Mule Creek_20201228_621_FULL,-0.6302528564387218
Mule Creek_20201229_07_32_FULL,0.6404130883552426
MuleCreek_20210521_6_47_Full,0.6954905471746755
NewFolsom_20210421_7_30_FULL,0.6552312754038232
NewFolsom_20210503_813_FULL,-0.147490256972433
NewFolsom_20210513_7_16_FULL,-0.026356332414958494
NewFolsom_20211117_47746_FULL,-0.8358159770055935
NewFolsom_20211123_82594_FULL,-0.27304874323894257
Norco_20210218_10_04_FULL_Stress,-0.680430165500616
Orange_Central_20210511_6_20_FULL,0.5941015100768368
Orange_TheoLacy_20210422_8_05_FULL,0.41416464361216576
Orange_TheoLacy_20210428_7_37_FULL,-0.6322359828034783
PelicanBay_20210520_6_09_FULL,-0.044058032871172825
PleasantValley_20210222_8_04_Full,0.5575734806932282
Riverside_Benoit_20210604_503_FULL,0.825513512256032
Riverside_Blythe_20210607_646_FULL,0.48845637944973386
Riverside_Byrd_20210604_627_FULL,0.8389175522227172
Riverside_Presley_20210603_525_FULL,0.0017498685891244037
Riverside_Smith_20210601_7_43_FULL,-0.5435683964303928
Riverside_Smith_20210609_829_FULL,0.8039056779029814
Riverside_Smith_20210610_806_FULL,-0.7188432375431177
Riverside_Smith_20210610_826_FULL,0.19715142750772707
Riverside_Smith_20210614_737_FULL,-0.0492153225240064
Riverside_Smith_20210616_801_FULL,-0.9529797441335146
Riverside_Smith_20210617_519_FULL_Infection,0.25235321743373973
Riverside_unspecified_20210622_0731_FULL,0.9972067080553209
SalinasValley_20210521_6_20_Full,0.3853739775845819
San Quentin_20201113_734_FULL,-0.15261147129976882
San_Quentin_20201103_647_FULL,0.07214649941877238
San_Quentin_20210121_07_10_FULL,-0.5498473964209911
SanQuentin_20201027_06_05_FULL,0.5592251297786341
Solano_20200805_05_00_FULL,-0.14817996648718945
Solano_20201012_0935_FULL,0.10237018312934087
Solano_20201206_08_30_FULL_PrisonConditions,0.20273252885959914
Solano_20201214_7_54_FULL,0.719678436159169
Solano_20201214_8_13_FULL,0.787125415282719
Solano_20201217_05_27_FULL_3calls,-0.18377537941207
Solano_20201217_619_FULL,-0.6708509414401964
Solano_20201221_05_31_FULL,0.3335238625791128
Solano_20210123_03_05_FULL,-0.5430689402373419
Solano_20210308_05_50_FULL,-0.6418626095348026
Solano_20210322_05_04_FULL,-0.7057849925107638
Solano_20210326_20348_FULL,0.11618441311603256
Solano_20201221_06_00_FULL,0.92629872215978
Soledad_20201026_08_14_FULL,0.15745982160836358
Soledad_20201027_07_31_FULL,0.5409479676368514
Soledad_20201228_159_Full_PrisonConditions,-0.7175661175977508
Soledad_20210208_08_30_FULL,-0.07729810413420468
Tehachapi_20201202_2_50_FULL_Programs_Stress_Family_PrisonConditions,-0.8457396843213478
Tehachapi_20210111_441_FULL_PrisonConditions,-0.21612657039227456
Tehachapi_20210119_0740_FULL,-0.5249670859715321
Tracy_20210125_06_00_FULL,0.6118297270896085
Vacaville_20201124_01_45_FULL_PrisonConditions,-0.36262358944031514
Vacaville_20210111_156_FULL_Infection,0.4952661003875851
Vacaville_20210429_7_14_FULL,0.3921077117536209
Vacaville_20211227_51626_FULL,-0.13404156955527924
Fresno_Main_20210920_28918_FULL,-0.988656553784276
SanJoaquin_Main_20210831_12851_FULL,0.0466408594227381
SanJoaquin_Main_20210831_15688_FULL,-0.6227164634585789
SanJoaquin_Main_20210902_88473_P2_FULL,-0.3442350074341387
SanJoaquin_Main_20210907_38166_P1_FULL,0.22712438389300327
SanJoaquin_Main_20210907_38166_P2_FULL,-0.5599017467036091
SanJoaquin_Main_20210907_38166_P2_Infection,0.40667253400666636
SanJoaquin_Main_20210907_70339_FULL,-0.3736465453558433
SanJoaquin_Main_20210910_54143_FULL,0.8757652218986662
Yuba_20210903_29710_FULL,-0.9202361144183886
Yuba_20210811_503_FULL,-0.4387765019705563
SanJoaquin_Main_20210914_84921_Full,-0.2695618261494288
Merced_Latorraca_20210910_38691_FULL,0.9478668943935813
Merced_Latorraca _20210917_24079_FULL,0.008256496237352362
Merced_Latorraca_20210910_81379_FULL,0.8704201750882334
Fresno_Main_20210916_46088_FULL,-0.2666879319586928
Fresno_Main_20210916_72217_FULL,0.25673834753668734
CaliforniaCity_20210604_821_FULL_Programs_Infection,0.3135162167673562
Merced_Main_20210920_55348_P1_P2_FULL,-0.24794586701217725
FireCamps_20210816_715_P1_FULL,-0.544271620302462
Kings_Main_20210827_87009_FULL,-0.17327808336218675
Merced_Latorraca_20210917_17611_FULL,0.579628850062224
Fresno_Main_20210831_43692_FULL,-0.25089699807600363
CaliforniaCity_20210609_844_FULL,-0.8858656143806356
CaliforniaCity_20210617_624_FULL,-0.12115149028492911
Merced_Main_20210914_19036_FULL,-0.6769906888925288
LosAngeles_MensCentral_20211006_22274_FULL,-0.24058743118947468
LosAngeles_MensCentral_20211001_10081_FULL,-0.1070325693215739
LosAngeles_MensCentral_20210929_73176_FULL,0.5260840090510273
LosAngeles_TwinTowers_20211006_47422_FULL,-0.7706074761001911
Ventura_Main_20211109_47163_FULL,-0.823019002477634
Ventura_Todd_20211109_15925_FULL,-0.6157751572998871
Ventura_Todd_20211109_61440_FULL,-0.8842921345449581
Merced_Main_20211005_25218_FULL,-0.44414632212907645
Ventura_Todd_20211109_94215_FULL,0.7832573750455827
Yuba_20211018_65593_FULL,0.7412492657605281
LosAngeles_MensCentral_20211115_99586_FULL,-0.10877096085274829
LosAngeles_TwinTowers_20211004_32516_FULL,-0.9666387391313196
Yuba_20211129_59826_FULL,0.8284063528846419
Kern_GSAnnex_20210812_712_FULL,0.6079750505350359
Kern_GSAnnex_20210812_756_FULL,-0.18681963931095225
Kern_GSAnnex_20210812_737_FULL_Spanish,0.8246168906410305
Kern_GSAnnex_20210812_737_FULL_English,-0.40392568287250374
SanBernadino_WestValley_20211011_86411_FULL,0.3446990473175926
SanBernardino_Central_20211004_84859_P1_FULL,-0.11672220405575295
SantaClara_Elmwood_20220209_58109_FULL,0.1648304102668312
SantaClara_Elmwood_20211221_34216_FULL,-0.032279374977913555
PelicanBay_20210907_20161_FULL,-0.9372319563447546
PelicanBay_20210920_34490_FULL,-0.03293459656491393
PelicanBay_20211005_33525_FULL,0.5398905310995332
Ventura_Main_20211117_90427_FULL,-0.3892616255811707
Ventura_Main_20211215_87702_FULL_PrisonConditions_Infection,-0.8153306238068609
Ventura_Main_20211223_95494_FULL,-0.12796142918960274
Ventura_Main_20220103_11818_FULL,-0.5948602981605811
Ventura_Todd_20211112_20428_FULL_PrisonConditions_Stress,-0.2325125319817518
Ventura_Todd_20211130_75217_FULL_Stress,0.3786219730899414
Riverside_Presley_20210603_851_FULL_Infection_PrisonConditions_Family,0.920613332287632
Merced_Main_20210916_16065_FULL,-0.3319741400268985
Merced_Main_20210916_65115_FULL,0.8302536764547648
Fresno_Main_20211006 _19112_FULL,0.31734009798868823
Fresno_Main_20210831_76770_FULL,0.7204377867171192
CaliforniaCity_20210617_714_FULL,0.5180853248291515
Amador_Main_20210914_87709_FULL,-0.8307877012566358
Merced_Main_20220105_70350_FULL_PrisonConditions,0.7674239896375752
Tulare_BobWiley_20210908_44718_FULL,0.4728450352171403
Tulare_BobWiley_20211112_16604_FULL,0.4886139118062218
Tulare_BobWiley_20220302_13180_FULL,-0.32348758562583435
Tulare_Main_20211227_94959_FULL,0.12025459417603468
Tulare_SouthCounty_20211105_16555_FULL,0.7248251903178475
SantaClara_Elmwood_20211201_47028_FULL,-0.7043448573021422
SantaClara_Elmwood_20211201_62377_FULL,0.5066506537191182
SantaClara_Elmwood_20211206_71158_FULL,-0.5122292166904059
SantaClara_Elmwood_20211206_85268_FULL,-0.19524879223474012
SantaClara_Main_20211223_63230_FULL,0.8058918810188194
Amador_Main_20210831_95905_FULL,0.931981838254702
Norco_20210827_36000_FULL,0.21472442986786167
Norco_20210906_39314_FULL_Family_Infection,0.07853723612883967
Stockton_20210922_26483_FULL,0.6331677012943848
Alameda_SantaRita_20211208_13170_FULL,0.6659418797832206
Alameda_SantaRita_20211208_79927_FULL,-0.17037784799736078
Avenal_20210916_71906_P1_FULL,0.2852368450397602
Avenal_20210916_71906_P2_FULL,-0.7296080471664188
Avenal_20210916_71906_P3_FULL,0.7979843491692318
Chowchilla_20210913_92441_FULL,-0.06722865861051597
Solano_20210831_10115_FULL,0.7625892638722394
Vacaville_20210817_646_FULL,0.3301489604499892
Alameda_SantaRita_20211117_77131_FULL,-0.7657717318043016
Alameda_SantaRita_20211104_17377_FULL,0.15795099621809294
Butte_Main_20220105_59841_FULL,-0.24483354933566281
Butte_Main_20220105_13697_FULL,-0.017070414595461658
Alameda_SantaRita_20211112_94071_FULL,-0.6877386169429385
Alameda_SantaRita_20210505_708_FULL,0.018102050317859275
Alameda_SantaRita_20220113_78977_FULL,-0.23887965853768667
Alameda_SantaRita_20220225_68847_FULL,-0.18052504503269562
Chino_20220204_15904_FULL,0.6066695199740155
Chino_20220204_68596_FULL,-0.22671682275016325
Chino_20220204_45125_FULL,0.31638240051203126
Chino_20220204_94412_FULL,-0.3792967751556191
Chino_20220204_43800_FULL,-0.5596542636950022
Vacaville_20210707_15983_Full,0.27411000350038806
Vacaville_20220114_49400_FULL,-0.7897230267141044
Alameda_SantaRita_20220225_43871_FULL,0.6416063919984669
NewFolsom_20210609_618_FULL,0.849202799882363
NewFolsom_20210610_605_FULL,-0.8412207160025029
NewFolsom_20220112_29146_FULL,-0.6598615895186692
MuleCreek_20210114_0504_FULL,0.944822802565001
MuleCreek_20210114_0518_FULL,-0.5191484581343453
CaliforniaCity_20210426_816_Full_ProgramsFamily,-0.2582608782126192
Calipatria_ 20210208_351_FULL,0.11487347227131783
Calipatria_20210124_314_Full,-0.8286180055549424
Calipatria_20210125_313_Full,-0.47845575408924934
Calipatria_20210127_335_Full,0.5387551119238598
Calipatria_20210129_309_FULL_Infection_Stress,0.17719986217110417
Calipatria_20210129_369_FULL_PrisonConditions_Stress,0.6819327329070914
Calipatria_20210201_374_FULL_Infection,0.909337828635594
Calipatria_20210201_376_FULL_Family_Programs,0.6424895505127333
Calipatria_20210203_383_FULL,0.5332912851212948
Calipatria_20210203_384_FULL_Stress,0.5905667924245106
Calipatria_20210204_378_FULL_Infections_PrisonConditions_StressandCoping,-0.021202558210524636
Calipatria_20210205_387_FULL,-0.9647089472127235
Calipatria_20210205_389a_FULL,0.986630087496867
Calipatria_20210205_389b_FULL,-0.3982839338398634
Calipatria_20210205_390_FULL_PrisonConditions,0.5237084238633507
Calipatria_20210208_350_Full_Infection_Family,-0.24786384051121169
Calipatria_20210210_360_FULL,0.9128889270318248
Calipatria_20210211_445_FULL_Infections_Programs_Prison Conditions,0.44012050138306535
Calipatria_20210222_458_FULL_Infection_PrisonConditions,0.7409512159253817
Calipatria_20210312_658_Full,0.3807886748378393
Calipatria_20210316_553 _FULL_Infection_Programs_Prison Conditions,-0.5364548482294129
Calipatria_20210323_644_Full,0.6677729130040098
Calipatria_20210329_598_Full,0.9575640023711183
Calipatria_20210401_605_Full,0.9877725381889388
Calipatria_20210406_964_FULL,-0.9880222548587376
Centinela_20201123_070_FULL,0.85527058338345
Centinela_20201204_82_PrisonConditions,0.7311711465380237
Centinela_20210223_452_Full,-0.0668132098160652
Centinela_20210331_615_FULL,-0.12129362727014414
Chino_20200430_72_FULL,0.18966558959555102
Chino_20200828_136_FULL,-0.24467836185249237
Chino_20201130_074_FULL,0.054805578131390975
Chino_20201130_97_Infection,0.2796692938565408
Chino_20201201_103_FULL,-0.6704348620178544
Chino_20201201_104_FULL,-0.34832581200886725
Chino_20201205_92_Full,0.09999987708020441
Chino_20201209_139_FullPrograms,0.06200809061611334
Chino_20201213_137_Full_Infection_Stress,0.1276208223431503
Chino_20201214_138_Full_Programs_PrisonConditions,0.7528178779388717
Chino_20201214_140_Full,0.3540859596046635
Chino_20201218_174_FULL,-0.08669648307367472
Chino_20201218_206_Full,-0.1297893111136581
Chino_20201223_207_FULL,-0.9156969326494959
Chino_20201223_208_Full,-0.20190524482674688
Chino_20201223_209_FULL,0.3190473915065273
Chino_20201228_178_FULL_PrisonConditions_Infection,-0.2751286773982091
Chino_20201231_186_FULL,0.975047194553039
Chino_20201231_201_Full,-0.3757756165773267
Chino_20210106_249_Full,-0.09502707904041974
Chino_20210312_659_FULL_PrisonConditions_Stress,0.15674436777973488
Chowchilla_ 20210201_373_FULL,-0.6654730833816631
Chowchilla_20201123_069_FULL,-0.8885239233476858
Chowchilla_20201124_062_FULL,-0.201527583419282
Chowchilla_20201204_84_FULL,-0.5842882971699874
Chowchilla_20201207_128_FULL,-0.36016625660131596
Chowchilla_20201208_117_FULL,-0.4241027962298287
Chowchilla_20201209_118_FULL,0.1509343409769106
Chowchilla_20201209_121_FULL_Family_PrisonConditions,-0.17418499465042414
Chowchilla_20201217_204_Full,0.3763993118878086
Chowchilla_20201218_173_FULL_PrisonConditions_Stress_Family,-0.9059617352257865
Chowchilla_20201221_147_FULL,0.3791807789399302
Chowchilla_20201221_193_Full_PrisonCondtions_Stress,0.702412874997677
Chowchilla_20201222_189_FULL,-0.11551729295192814
Chowchilla_20201223_218_FULL,-0.3657852336644878
Chowchilla_20201224_212_Full_PrisonConditions_Infection_Stress,-0.029015175396825077
Chowchilla_20201228_148_FULL,-0.5012246228718837
Chowchilla_20201228_177_FULL,-0.2992470204287332
Chowchilla_20210104_248_Full,0.9498939245714026
Chowchilla_20210111_262_Full_Infection,0.7702207616093408
Chowchilla_20210114_270_Full,0.3311881544844619
Chowchilla_20210121_324_FULL_PrisonConditions,-0.17100214205829212
Chowchilla_20210405_960_Full_Stress,-0.25662792211678886
Chuckawalla_20210215_417_Full_PrisonConditions_Infection,0.1820887769446533
CIW_20201120_71_FULL,0.542911244463343
CIW_20201201_79_FULL,-0.00022767399711720593
CIW_20201202_88_Familyandstress,0.5847748705409135
CIW_20201203_076_PrisonConditions_Stress,-0.5067089918873982
CIW_20201203_80_FULL_PrisonConditions_Infection,-0.7582867228629735
CIW_20201203_81_FULL,0.5716800398979636
CIW_20201204_85_FULL_PrisonConditions_Stress,0.11454098561795356
CIW_20201209_114_FULL,0.3360398192800125
CIW_20201215_131_FULL,-0.5738671379646341
CIW_20201217_194_FULL_Infection,-0.2996485490147789
CIW_20201218_153_FULL,-0.9381756914687218
CIW_20201224_152_FULL,0.5600337342800785
CIW_20201230_160_FULL,-0.1357014096769349
CIW_20210319_577_FULL_Stress,0.8893851536368556
CMC_20210120_329_Full_PrisonConditions_Infections_Stress,0.5519923007230008
CMC_20210121_316_FULL,-0.6174814546631924
CMC_20210125_315_Full_PrisonConditions_Stress,0.020786052367113506
CMC_20210125_331_Full_PrisonConditions_Infection_Family,-0.3759866105282228
CMC_20210125_332_Full_Infection,-0.03793983323093442
CMC_20210125_333_Full_Stress_Feature,0.9710514515736524
CMC_20210126_336_Full,-0.1814137083048024
CMC_20210129_307_FULL,0.07492674373121933
CMC_20210129_308_Full_PrisonConditions,-0.5651750351942384
CMC_20210208_346_FULL_Stress_Infection_PrisonConditions,0.21905532067470235
CMC_20210209_363_Full_w_themes,-0.666828273086425
CMC_20210210_355_FULL,0.23474908894136193
CMC_20210210_357_FULL,-0.4150578184564022
CMC_20210210_358_FULL_Stress,-0.5145979062168653
CMC_20210210_359_Full,-0.3702808326851026
CMC_20210211_446_FULL,-0.9704939325412953
CMC_20210211_447_FULL_Family_Infection,-0.9983382526553746
CMC_20210212_438_FULL_InfectionPrisonConditionsStress,0.5968712944566548
CMC_20210212_439_FULL,-0.05772275100261637
CMC_20210216_425_FULL_Stress,-0.5518275894491975
CMC_20210216_426_FULL_Infection_PrisonConditions,0.8438257434873155
CMC_20210217_401_Full_FamilyInfectionStress,0.20032146999158917
CMC_20210221_488_FULL_Family_Infection_PrisonConditions,-0.40623437587190003
CMC_20210222_454_FULL_Infection,0.7304839702974175
CMC_20210222_490_Full,-0.5261183058971661
CMC_20210223_499_FULL,-0.4451042179518798
CMC_20210224_465_FULL,-0.5613632093103038
CMC_20210225_472_FULL_Programs_Stress,0.4439391474184464
CMC_20210225_473_FULL,0.06665533253937106
CMC_20210308_656_Full_InfectionPrisonConditions,0.5066153848136754
CMC_20210316_550_FULL,0.953532483720859
CMC_20210412_956_Full_Infection,0.7678121553740984
CMC_20210420_711_FULL_Infection_PrisonConditions,-0.45898010892909036
Corcoran_20201224_213_FULL,-0.5424843177984968
Corcoran_20201230_162_Full_Program_Family,-0.2753504016809216
CSATF_20201123_66_FULL,-0.24679114346151776
CSATF_20201214_141_FULL,-0.7757528006034904
CSATF_20201216_256_FULL,-0.07880309027022903
CSATF_20210107_228_Full_Infection,-0.2914714900556816
CSATF_20210108_235_FULL,-0.7947978573515788
CSATF_20210108_236_Full,0.3266878124519428
CSATF_20210108_240_Full,-0.7706659645736154
CSATF_20210108_242_FULL_Programs,0.1803467960542322
CSATF_20210111_259_Full_Infection_PrisonConditions,0.07996581675939729
CSATF_20210111_261_FULL_Stress_Programs,-0.8274714299966013
CSATF_20210111_279_FULL,-0.003312643947782634
CSATF_20210111_281_FULL_PrisonConditions_Infection,0.251039263387262
CSATF_20210111_283_Full_PrisonConditions_Stress,0.8398240408248592
CSATF_20210112_278_Full_Stress,0.7969490531960768
CSATF_20210114_265_FULL,0.1990489048190518
CSATF_20210121_260_FULL_Stress_Infection,0.6360669767074543
CSATF_20210122_328_Full,-0.4018219142012005
CSATF_20210324_639_Full_Stress,0.29018192418349087
CSATF_20210401_606_Full_PrisonConditions,0.11049964883873664
CSATF_20210408_977_Full_PrisonConditionsInfection,0.5986152172611778
CSATF_20201231_167_FULL,-0.2890698795770028
CSAFT_20210128_310_Full,0.9939498463499161
CSTAF_20210201_372_FULL,0.16485458139219733
Delano_20210216_428_FULL,0.9769240158226102
Delano_20210216_432_FULL,0.6507240030860957
Delano_20210217_400_Full_Prison Conditions,-0.9292558095087877
Delano_20210217_409_FULL_Infection,-0.3716754986124491
Delano_20210420_725_FULL_Family_PrisonConditions,-0.6462508841958727
Delano_20210420_726_Full,-0.13351270262556536
Donovan_20210107_227_Full,-0.9134272786699202
Donovan_20210119_319_FULL_Infection_PrisonConditions,0.35875512694990563
Donovan_20210319_645_FULL,0.13794117578236964
Donovan_20210330_591_FULL_Stress,0.01589805665532218
Donovan_20210419_682_Full_Family_Infection_Stress,0.9173732774819805
Donovan_20210419_699_FULL_PrisonConditionsFamilyStress,-0.7507530116321299
Donovan_20210422_772_FULL_Infection_PrisonConditions,-0.9286894924933553
Donovan_20210422_802_Full_InfectionPrisonConditions,0.1617776477074866
Donovan_20210422_803_FULL,0.16992264824869685
Donovan_20210422_804_FULL,0.5788010640873815
Donovan_20210426_817_FULL_PrisonConditions_Infection_Stress,-0.43670387619241047
Donovan_20210426_818_FULL,-0.8899105398823075
Donovan_20210427_765_Full,0.934869443775618
Donovan_20210427_767_FULL_Family_Infection_PrisonConditions,0.7316972642983046
Donovan_20210427_785_FULL_Family_Infection,0.5564499857020917
Donovan_20210427_899_FULL_Infection,0.057715598776488575
Donovan_20210428_761_FULL,0.5932434303181477
Donovan_20210428_762_FULL_PrisonConditionsStress,-0.43178079175483286
Donovan_20210428_763_FULL_Infection_PrisonConditions,-0.06886713118089949
Donovan_20210428_764_FULL,-0.12557203662265892
Donovan_20210428_853_FULL_FamilyInfection,0.9553271753300967
Donovan_20210430_1011_Full,0.9771918523845267
Folsom_20210104_294_FULL,-0.3686829689248763
Folsom_20210412_958_Full,-0.8204130442304027
Folsom_20210427_888_FULL_PrisonCondtions,-0.48140336755938185
Folsom_20210428_1032_Full,0.8408857687272344
High Desert_20210219_410_FULL_Stress_Infection,-0.9680825534710586
High Desert_20210221_501_FULL_PrisonConditions_Stress,0.9938345245520215
High Desert_20210222_503_FULL,0.35494260403554545
High Desert_20210301_534_FULL_InfectionFamilyPrisonConditions_Stress,-0.5965225158361236
High Desert_20210303_529_Full,-0.8397985502631133
High Desert_20210310_582_FULL_Stress_PrisonConditions,-0.5472647018164734
High Desert_20210315_549_FULL_PrisonConditions,0.9237760527292633
High_Desert_20210128_304_FULL,0.35942197337636417
High_Desert_20210201_368_FULL,0.6646551473898437
HighDesert_20210128_302_Full,0.7681244370274176
HighDesert_20210128_303_Full,-0.767005196975022
HighDesert_20210128_305_FULL,0.16594172779243488
HighDesert_20210129_300_Full,0.7691282435977727
HighDesert_20210129_301_Full_PrisonConditions_Programs_Family,-0.9582368341029253
HighDesert_20210129_377_FULL,0.7596040026833972
HighDesert_20210201_357_FULL_Family_Infection,-0.797023215353396
HighDesert_20210208_342_FULL_PrisonConditionsInfection,-0.447551903394908
HighDesert_20210211_441_Full_PrisonCondtions_Infection_Stress,0.7352781136884101
HighDesert_20210221_505_FULL_Infection_Family,0.5547847756658797
HighDesert_20210222_502_FULL_Stress_PrisonConditions,-0.918207891615884
HighDesert_20210223_459_FULL_Stress_Infection,-0.23938684301753588
HighDesert_20210223_460_FULL_PrisonConditions_Programs,0.08071268652945873
HighDesert_20210223_467_FULL,0.050681044233572115
HighDesert_20210420_713_Full_Family_Infection_Stress,0.801879830353768
Ironwood_20201130_94_FULL,0.06398942624916093
Ironwood_20201229_157_FULL,-0.895892323666222
Ironwood_20201230_156_FULL,0.10051277777392342
Ironwood_20210113_269_Full_Infection,0.13387708879466986
Ironwood_20210114_267_Full,0.12103355437043262
Ironwood_20210122_327_FULL_Programs_Infection,0.47543095975444816
Ironwood_20210125_311_Full,-0.7167126638457733
Ironwood_20210205_388,-0.18505562440768508
Jamestown_20210308_672_FULL,0.20805130962854657
Jamestown_20210311_667_FULL_Stress,0.18038755497245051
Jamestown_20210316_561_Full,0.8545349060504264
Jamestown_20210317_572_FULL_Infection_PrisonConditions,-0.2779549572644229
Jamestown_20210317_573_FULL_PrisonConditions_Infection_Stress,-0.24975138499470972
Jamestown_20210318_574_FULL_Family_Infection_Stress,-0.960424750098321
jamestown_20210323_643_Full_Stress,0.9573621397827361
jamestown_20210325_638_Full,-0.384351032471808
Jamestown_20210419_695_Full,-0.888429243643587
KernValley_20210324_636_FULL_Programs_Infection,-0.15707949636273777
KernValley_20210427_739_FULL,0.6196465870060737
KernValley_20210427_742_FULL,0.14090938567215727
KernValley_20210427_745_Full_Infection_PrisonConditions,-0.18849863837977
KernValley_20210427_747_FULL,0.7571488631181396
KernValley_20210427_753_FULL,-0.19571430932212963
KernValley_20210427_754_FULL_StressInfection,0.44770613602323417
KernValley_20210427_830_FULL_InfectionStress,0.6206609708737392
KernValley_20210428_846_Full,-0.4343890066304479
KernValley_20210428_849_Full,-0.9264492004378084
KernValley_20210430_1000_FULL_Programs_Infection,-0.6837639569918834
KernValley_20210430_1001_FULL_Stress_Infection_PrisonConditions,0.48126559068992436
KernValley_20210430_999_Full,-0.8652886802252782
KernValley_20210513_1345_FULL,-0.9696515070527179
KernValley_20210513_1346_FULL_Infection,-0.8506029206979662
KernValley_20210513_1350_FULL,-0.9702571955176471
Lancaster_20201029_002_FULL,0.4077381926900132
Lancaster_20201109_030_FULL,0.919639453102707
Lancaster_20201202_091_FULL,-0.9999587516411803
Lancaster_20201209_110_FULL,0.8010345726626977
Lancaster_20210126_295_Full,-0.09672317697332344
Lancaster_20210316_583_FULL_Stress_PrisonConditions,-0.6186986450580778
MuleCreek_20201109_27_Full_PrisonConditions_Stress_Family,0.6888049355538364
MuleCreek_20201110_323_FULL_PrisonConditions,-0.7408511941052032
MuleCreek_20201210_101_FULL,0.5140470450083157
MuleCreek_20210105_246_FULL,0.3490268700948551
MuleCreek_20210113_257_Full,0.9592190962413181
MuleCreek_20210419_696_FULL_Family_PrisonConditions_Infection,0.5261797621859392
MuleCreek_20210421_704_Full,-0.8406841676836903
MuleCreek_20210423_797_FULL,0.3088927002073949
MuleCreek_20210426_868_FULL_PrisonConditions,-0.8148255750133933
MuleCreek_20210426_870_FULL_FamilyStressInfection,0.7406978810641949
MuleCreek_20210428_844_FULL_InfectionPrisonConditions,0.08376678935879123
MuleCreek_20210429_987_FULL,0.6191465665100302
MuleCreek_20210517_1261_FULL_PrisonConditions_Infection_Family,0.20208195463902778
MuleCreek_20210517_1262_FULL_PrisonConditions_Infection,0.48971344222374613
MuleCreek_20210517_1267_FULL,-0.9110669468939236
MuleCreek_20210526_5_04_FULL,0.4014029201686473
NewFolsom_20210418_698_FULL_ProgramsPrisonConditions,0.010382475916559386
NewFolsom_20210420_714_FULL_StressPrograms,-0.9211899713348359
NewFolsom_20210421_707_FULL_ProgramsFamilyStress,0.04054212397184198
NewFolsom_20210421_708_FULL_ProgramsFamilyStress,0.4241151904332465
NewFolsom_20210421_710_FULL_ProgramsInfectionPrisonconditions,0.2446917740557566
NewFolsom_20210421_792_FULL_PrisonconditionsCopingFamily,0.47267058245570137
NewFolsom_20210422_769_FULL_PrisonConditionsInfection,0.5914965976295281
NewFolsom_20210423_771_FULL,-0.2632670742202814
NewFolsom_20210426_814_FULL_PrisonConditions,-0.4587724722302089
NewFolsom_20210426_820_FULL,0.30243545685739437
NewFolsom_20210426_821_FULL_FamilyInfection,-0.5127027821304273
NewFolsom_20210426_824_FULL_Infection_PrisonConditions,0.221347615860354
NewFolsom_20210429_986_FULL_PrisonConditions,-0.01980804429295424
NewFolsom_20210430_1016_FULL_Infection,-0.5952930680094457
NewFolsom_20210430_1022_Full_Infection_Programs,-0.7222830576856043
Norco_20201102_10_FULL,0.5754507886477382
Norco_20210123_449_Full_Infection_Family,-0.08970786081632287
Norco_20210125_334_Full,0.7090914562242514
Norco_20210203_386_FULL,0.4116943568803022
Norco_20210208_349_FULL,-0.8108053213866699
Norco_20210219_414_Full,-0.9195272618188979
Norco_20210401_610_FULL_Infection_PrisonConditions,-0.2866253589177936
NorthKern_20210209_337_FULL,-0.10623575841813437
Orange_Central_20210415_939_FULL,-0.06657688851235766
Orange_Central_20210416_927_FULL,-0.7697288112585641
Orange_Central_20210416_928_FULL_PrisonConditionsInfection,0.7149515646040663
Orange_Central_20210419_689_FULL,0.24040464392336336
Orange_Central_20210419_693_FULL_Stress,0.9065311981007065
Orange_Central_20210421_679_Full,-0.6959072058543612
Orange_Central_20210421_728_Full,0.7240090505131926
Orange_Central_20210428_842_FULL,0.8217582314558234
Orange_Central_20210517_1275_FULL_Stress,0.6772012957528382
Orange_TheoLacy_20210416_926_FULL_PrisonConditionsPrograms,0.9024166247534924
Orange_TheoLacy_20210417_687_FULL_PrisonConditions_Family,0.25960730341073224
Orange_TheoLacy_20210417_930_FULL,-0.7583820439106783
Orange_TheoLacy_20210417_932_FULL,0.9465751155778708
Orange_TheoLacy_20210419_680_FULL,0.40539636848625316
Orange_TheoLacy_20210419_694_FULL,-0.94724276745487
Orange_TheoLacy_20210420_722_Full,0.19554585915799172
Orange_TheoLacy_20210420_723_FULL_PrisonConditions_Stress,0.4958161405288257
Orange_TheoLacy_20210420_724_FULL,-0.4343503032302489
Orange_TheoLacy_20210421_701_Full_FamilyInfectionStress,0.3486642114713636
Orange_TheoLacy_20210421_730_FULL_PrisonConditionsStressInfection,0.6294718209529275
Orange_TheoLacy_20210421_919_FULL_PrisonConditionsInfection,-0.7165756765896045
Orange_TheoLacy_20210423_777_FULL_StressPrisonConditions,0.2997937706160909
Orange_TheoLacy_20210424_805_FULL,-0.3598028509053941
Orange_TheoLacy_20210427_892_FULL_PrisonConditionsInfection,-0.6671539030161748
Orange_TheoLacy_20210430_1003_Full,-0.24613640842424567
Orange_TheoLacy_20210430_1010_Full_Stress_PrisonConditions,-0.3640170139855181
Orange_TheoLacy_20210501_1024_FULL_Stress,0.593589959726899
PelicanBay_20210420_917_FULL_PrisonConditions,-0.6130467467616734
PelicanBay_20210420_918_Full,0.23166989388892567
PelicanBay_20210423_866_FULL,-0.8157342334725317
PelicanBay_20210426_903_FULL,-0.006940553105004632
Pleasant Valley_20210217_402_FULL_Programs,0.6527050722036256
Pleasant Valley_20210222_491_FULL,-0.6091926852776077
Pleasant Valley_20210223_497_FULL_Famiy_Infection_Stress,0.5734025189588281
Pleasant Valley_20210302_523_FULL_Family_PrisonConditions_Programs,0.16958335614094433
Pleasant Valley_20210312_657_FULL,-0.8288707122003662
PleasantValley_20210201_370_FULL,0.6838933549375139
PleasantValley_20210209_341_Full,0.9002640500939083
PleasantValley_20210211_396_Full_PrisonConditions_Stress_Programs_Family,-0.8189836860592954
PleasantValley_20210214_429_FULL,0.4521241582239448
PleasantValley_20210223_484_FULL,-0.7324898386460605
PleasantValley_20210224_474_Full_Programs_Stress,-0.04914347760229987
PleasantValley_20210228_519_FULL_Stress,0.27657894620685264
PleasantValley_20210311_668_FULL_PrisonConditions_Family,-0.3013105208055884
PleasantValley_20210311_669_FULL_Programs_PrisonConditions,0.7754750808328681
PleasantValley_20210317_564_FULL_Stress,-0.35088023757556774
PleasantValley_20210322_621_FULL,0.09455394934652106
PleasantValley_20210322_622_Full,-0.7902315845837471
Pleasantvalley_20210322_633_FULL_Stress_PrisonConditions,-0.6852691708324521
PleasantValley_20210401_609_Full_PrisonConditions_Infections,0.8640440941269276
SalinasValley_20210315_554_FULL,0.29810939361504896
SalinasValley_20210405_968_Full,-0.8284127534216479
SalinasValley_20210419_727_FULL,0.8020781642618369
SalinasValley_20210421_729_FULL_StressPrograms,-0.24308371840230691
SalinasValley_20210421_912_Full,0.37029388493930093
SalinasValley_20210422_801_FULL,-0.8832612939032536
SalinasValley_20210422_806_FULL_PrisonConditions,-0.57100479466288
SalinasValley_20210423_808_FULL_PrisonConditions,0.27236940094827555
SalinasValley_20210423_864_FULL_PrisonCondtions,0.7147635005981903
SalinasValley_20210423_867_FULL,-0.756678146319645
SalinasValley_20210426_781_FULL,-0.7147917287488765
SalinasValley_20210426_880_FULL,-0.5757207416681305
SalinasValley_20210426_881_FULL_StressInfection,-0.7406923122232796
SalinasValley_20210426_889_FULL,-0.39196624291107773
San Quentin_20201108_025_FULL,0.030728663736672823
San Quentin_20201201_77B_FULL_PrisonConditions_Infection_Stress,0.08570203429034096
San Quentin_20201204_86_FULL,-0.968487420655306
San Quentin_20210125_312_FULL,-0.10048990197634211
San_Quentin_20201109_022_FULL,-0.636480971901447
SanQuentin_20201123_068_FULL,-0.8875125252252816
SanQuentin_20201221_187_FULL,-0.5077131916658661
SanQuentin_20201221_188_FULL,0.7004559559294581
SanQuentin_20201229_200_Full,-0.6584388474209715
SanQuentin_20210104_252_FULL,0.19898013177553242
SCC_20210114_271_Full,-0.2207103531310337
Solano_20210113_273_Full,0.8510264752943142
Solano_20210224_464_Full_Stress_PrisonConditions_Infection,-0.1750905627006245
Solano_20210225_470_FULL_Infection_Stress_Family,-0.23652109726560422
Solano_20210309_652_FULL_StressPrisonConditionsFamily,-0.9498891310045652
Solano_20210312_663_Full,-0.37041437975918523
Solano_20210312_666_FULL,-0.9644292749774204
Solano_20210317_568_FULL,0.5640881297900342
Solano_20210319_579_Full,-0.8291945130592069
Solano_20210402_611_FULL_Family_Stress,0.4383022157695373
Solano_20210427_886_FULL,0.21955529806229057
Soledad_20201124_061_FULL,0.05364521496774377
Soledad_20201130_90_FULL,-0.9266861250225555
Soledad_20201215_170_FULL,-0.20714336190026317
Soledad_20201215_171_FULL_Infection_Programs_Stress,-0.5736305445167578
Soledad_20201218_185_FULL,0.7340184646853252
Soledad_20201224_214_Full,-0.4425011173768496
Soledad_20201224_219_FULL_PrisonConditionsInfectionFamily,0.3032827386360739
Soledad_20201226_198_Full,-0.852587113846945
Soledad_20201228_172_FULL,-0.5075262741404267
Soledad_20201228_180_FULL,-0.3508323587435924
Soledad_20201228_181_FULL,0.5323296173255088
Soledad_20201228_182_FULL,0.19104147442165043
Soledad_20201228_195_FULL,0.2671532348709946
Soledad_20201228_196_Full,-0.5497938574678558
Soledad_20201229_164_FULL,-0.10185721326768005
Soledad_20201230_165_FULL,-0.5075686862190716
Soledad_20201231_224_FULL,-0.5538093389253622
Soledad_20201231_289_FULL,-0.8683602566192323
Soledad_20201231_290_FULL_Stress,-0.9717614178263683
Soledad_20201231_291_FULL_Stress_PrisonConditions,0.9235703063567429
Soledad_20210105_159_FULLtags,0.4638867649600049
Soledad_20210105_255_FULL_Infection,0.7055219842244307
Soledad_20210105_286_FULL_StressInfectionPrisonConditions,0.1680149667033901
Soledad_20210107_221_FULL,-0.8850535155718553
Soledad_20210107_292_FULL,0.9256779874850662
Soledad_20210108_223_FULL_PrisonConditions,-0.27434526734014963
Soledad_20210109_241_FULL,0.11838631917942677
Soledad_20210112_275_FULL,-0.4005943824528111
Soledad_20210113_266_FULL_Stress_PrisonConditions,-0.756440377778222
Soledad_20210119_323_Full_PrisonConditions_Family,-0.2048055754804572
Soledad_20210120_325_FULL,-0.6024822086456585
Soledad_20210208_362_FULL,0.9069250772402482
Soledad_20210325_647_FULL_PrisonConditionsInfection,-0.276519862556873
Soledad_20210329_590_FULL_ PrisonConditionsInfection,0.31500885694129876
Soledad_20210406_974_FULL_PrisonConditions,0.653020112494402
Soledad_20210416_923_FULL_Stress,0.5577577830318652
Sonoma_Main_20201127_073_Full,-0.05851860287633892
Stockton_20210317_562_FULL,0.8743374160861286
Stockton_20210318_569_Full_PrisonConditions,0.23077471761322044
Stockton_20210318_570_Full_PrisonConditions,-0.11558131133441152
Stockton_20210318_571_Full_Infection,0.5845346703805729
Stockton_20210329_597_FULL_Family,0.4212457633930522
Stockton_20210423_795_FULL,-0.22731458704899188
Susanville_20210317_560_FULL_Family_Infection_PrisonConditions,-0.8301883652874678
Susanville_20210419_719_Full,0.7991218223958099
Susanville_20210423_800_Full,-0.721002316650238
Susanville_20210423_863_FULL,0.6922937070933788
Susanville_20210426_877_FULL,0.7893867709923914
Susanville_20210426_878_FULL,0.836243671970335
Susanville_20210426_890_FULL_PrisonConditionsInfection,-0.9484052860055336
Susanville_20210427_782_FULL,-0.6344966959531335
Susanville_20210427_784_FULL,-0.8204820335293967
Tehachapi_20201123_063_FULL,0.35578300708566846
Tehachapi_20201124_64_FULL,-0.3917301452017914
Tehachapi_20201201_78_FULL,-0.07215142028058841
Tehachapi_20201201_093_PrisonConditions,-0.4795792144683413
Tehachapi_20201202_83_FullPrograms,-0.21314984200257014
Tehachapi_20201207_109_FULL_PrisonConditions,-0.18342210442889084
Tehachapi_20201207_122 _FULL,0.8728633494459708
Tehachapi_20201207_123_FULL,0.7306938843890507
Tehachapi_20201207_124_Full_Infection_Stress_Engilsh_Version,-0.77447718782847
Tehachapi_20201208_125_FULL,0.15250061115686253
Tehachapi_20201208_126_FULL,-0.4443507086456133
Tehachapi_20201208_127_FULL_Stress,0.17892854988469997
Tehachapi_20201208_98_FULL,0.08714969291745533
Tehachapi_20201209_107_FULL,-0.16770909206760654
Tehachapi_20201209_111_FULL,-0.06856403846238046
Tehachapi_20201209_116_FULL,0.8398006570882244
Tehachapi_20201210_102_FULL,0.3120556959366456
Tehachapi_20201210_115_FULL,0.18098241345034216
Tehachapi_20201210_119_FULL,-0.9731146393682737
Tehachapi_20201211_99_FULL,0.4809680254565172
Tehachapi_20201214_143_Full_PrisonConditions_Family,-0.17763302332336006
Tehachapi_20201214_144_PrisonConditions,-0.8611868258561524
Tehachapi_20201214_145_PrisonConditions_Infection,0.6062975104369628
Tehachapi_20201214_146_Full,0.4273624369577993
Tehachapi_20201215_133_FullFamily,0.7944104489844297
Tehachapi_20201216_169_FULL,-0.3107334469326104
Tehachapi_20201218_203_Full,-0.24340814102118857
Tehachapi_20201218_205_Full,0.7483096418421014
Tehachapi_20201220_120_FULL,-0.15556244954545106
Tehachapi_20201221_149_FULL_PrisonConditions,0.2501271305291277
Tehachapi_20201221_190_FULL,-0.20699637551429406
Tehachapi_20201228_176_FULL,-0.31821126964513446
Tehachapi_20201231_150_FULL,-0.47845858806818065
Tehachapi_20210105_244_Full_Stress_Infection,0.704784649613519
Tehachapi_20210121_326_Full_PrisonConditions,-0.5244110722691671
Tehachapi_20210201_371_Full_PrisonConditions,-0.13475024035503136
Tehachapi_20210210_361_FULL,-0.8710313736367905
Tehachapi_20210422_906_FULL_PrisonConditions,-0.1438803008361631
Tracy_20210126_297_Full,-0.14706819607459498
Tracy_20210126_298_Full_Family_PrisonConditions_Stress,-0.5239319025202585
Tracy_20210205_394_FULL_Stress,0.7589825109304076
Tracy_20210222_451_FULL_Stress,0.3347071273121591
Tracy_20210224_463_FULL,-0.6191204686749894
Tracy_20210226_480_FULL,-0.7271336528636347
Tracy_20210311_662_Full_FamilyProgramsStress,-0.3192735181988777
Tracy_20210312_661_FULL_Stress_PrisonConditions,-0.0840495700176187
Tracy_20210316_581_Full,-0.2789792441644876
Tracy_20210319_580_FULL_Family,-0.6777243545076916
Tracy_20210330_588_Full_Stress_PrisonConditions,-0.18635597934206438
Vacaville_20201015_154_FULL,-0.48160645678368885
Vacaville_20201112_035_FULL,-0.8142441520829768
Vacaville_20201222_100_FULL,-0.28918325468857686
Vacaville_20201222_155_FULL,0.007281466186527474
Vacaville_20210104_288_FULL_PrisonConditions_Programs_Infection,0.1225216967684617
Vacaville_20210106_234_Full,-0.5956991917993821
Vacaville_20210426_839_FULL,0.9469275098506347
Vacaville_20210426_862_FULL_PrisonConditions,-0.2537152031996497
Vacaville_20210426_873_FULL_PrisonConditionsInfectionStress,0.8845993024644179
Vacaville_20210426_900_FULL,0.7052884640767931
Vacaville_20210426_901_FULL,0.052959410007009655
Vacaville_20210428_845_FULL,-0.12886637476976848
Vacaville_20210430_1014_FULL_InfectionPrisonConditions,-0.5222171526585526
Valley State_20210303_526_FULL_PrisonConditionsFamily,-0.834800003178714
Valley State_20210315_541_FULL,-0.6288222537602639
Valley State_20210319_575_FULL_Stress_Family,0.7652958105083296
ValleyState_20210211_443_FULL_PrisonConditions,-0.7438619811899077
ValleyState_20210221_496_Full_Family_PrisonConditions_Stress_Infection,-0.042277215324148854
ValleyState_20210222_457_Full,-0.7117822369934079
ValleyState_20210222_486_Full_Infections_PrisonConditions_Family,-0.9387831080797895
ValleyState_20210226_478_Full,0.28036542519126995
ValleyState_20210301_537_FULL,0.9285110666357386
Valleystate_20210322_627_FULL,-0.8220328682773181
ValleyState_20210325_634_FULL_FamilyStressPrisonConditions,-0.0720296807436398
ValleyState_20210329_593_FULL,0.7137302055169559
ValleyState_20210329_594_FULL,0.6249132641179229
ValleyState_20210402_613_FULL_PrisonConditions_Infection,-0.7370024365757615
ValleyState_20210402_614_FULL_PrisonConditions_Infection,0.9415348568148294
ValleyState_20210406_969_Full_Programs_Family_Infection,0.2932355204430601
ValleyState_20210412_948_FULL_PrisonConditionsInfectionStress,0.16973626769170913
ValleyState_20210413_950_FULL,-0.5658047655701945
ValleyState_20210420_715_Full,0.2613270811389339
ValleyState_20210426_859_FULL_FamilyPrisonConditionsInfection,0.5841038934296832
ValleyState_20210428_840_FULL_PrisonConditionsStressFamily,-0.10111860921976645
Wasco_20210221_492a_FULL_Stress_PrisonConditions,0.33344417056427766
Wasco_20210221_492b_FULL_Stress,0.9843351723705807
Wasco_20210222_455_FULL_Family_PrisonConditions_Stress,0.2945598892938486
Wasco_20210222_494_FULL_Family_PrisonConditions,-0.8149196602017146
Wasco_20210225_471_Full_Stress,-0.4698832664034871
Wasco_20210226_477_Full_Stress,0.5657080740683273
Wasco_20210304_510_Full_Family_Infection,-0.6116055292509119
Wasco_20210316_557_FULL_Programs_Family_Stress,0.2667019181060102
Wasco_20210316_559_FULL _Infections_PrisonConditions,-0.30979405756232214
Wasco_20210317_563_FULL_Infection_Stress_Family,0.7067565170677048
Wasco_20210321_620_FULL_Stress_Infection,-0.5412730261220562
Wasco_20210329_599_FULL_Infection_Stress,-0.8134054302511813
Wasco_20210422_914_FULL,0.7802965671553459
LosAngeles_Metropolitan_20210907_FULL,0.4501173891388037
Merced_USPAtwater_20210909_002_FULL,0.23196047303975043
Merced_USPAtwater_20210909_001_FULL_Family_Infection,-0.9804964496925224
USP_Victorville_20210922_001_FULL,-0.0904096845398541
USP_Victorville_20210924_000_FULL_PrisonConditions_Programs,-0.8244963506182776
Merced_USPAtwater_20210908_FULL,0.8503581702378538
Merced_USPAtwater_20210916_FULL_Infection,0.8794042663331312
Merced_USPAtwater_20210917_FULL,-0.18600568714085686
LosAngeles_Metropolitan_20210917_FULL,-0.21408174549654047
LosAngeles_Metropolitan_20210831_001_FULL,0.872720234873589
LosAngeles_Metropolitan_20210831_002_FULL_PrisonConditions_Stress,0.15066520066961497
Fresno_Mendota_20210916_FULL,-0.7333101072007668
HighDesert_20210202_380_FULL_Infection,0.9267560416039777
HighDesert_20210208_344_FULL,-0.7645731713622566
HighDesert_20210208_345_FULL,0.7127675752412046
PleasantValley_20210205_391_FULL,-0.2134634133792459
PleasantValley_20210209_339_FULL,-0.07228681409611948
PleasantValley_20210209_340_FULL,0.8510652027360768
PleasantValley_20210212_397_Full,-0.07535944864959876
Solano_20210504_737_FULL,0.9797408358323276
NewFolsom_20220119_18246_FULL,0.09495017201224054
NewFolsom_20220208_95458_FULL,-0.6307706611646693
NewFolsom_20220211_54709_FULL,0.7678225563392573
Chowchilla_20210514_09_19_FULL,0.18183073137236394
